header	link	keywords
Choose your privacy settings - Computer - Chromebook Hel	https://support.google.com/chromebook/answer/114836?visit_id=636730630555878698-2501343066&p=settings_privacy&rd=1	Hel,Computer,Chromebook,privacy,Ch,Chrom,Chrome,settings,Choose
How to Install Linux on a Chromebook and Unlock Its Full Potential	https://www.google.com/url?q=https://lifehacker.com/how-to-install-linux-on-a-chromebook-and-unlock-its-ful-509039343&usg=AFQjCNEc1BfvEtbYNdxSlcfYQYAl7s-MhQ	Chromebook,Unlock,Install,How,Potential,Full,Ch,Chrom,Chrome,Linux
chromebook turn on developer mod	https://www.google.com/search?q=chromebook+turn+on+developer+mode	chromebook,mod,developer
chromebook crosh developer mod	https://www.google.com/search?q=chromebook+crosh+developer+mode	chromebook,crosh,mod,developer
Poking around your Chrome OS Device - The Chromium Projects	https://www.google.com/url?q=https://www.chromium.org/chromium-os/poking-around-your-chrome-os-device&usg=AFQjCNFGuj4zUJrUZInR2HnJA6gWw9AJdA	OS,Device,Ch,king,Chrom,Chrome,Chromium,Projects
chromebook crosh shell unknown command	https://www.google.com/search?q=chromebook+crosh+shell+unknown+command	chromebook,shell,crosh,command
chromebook crosh	https://www.google.com/search?q=chromebook+crosh	chromebook,crosh
Google Search	https://www.google.com	Sea,Googl,Google,Search
How to Install and Use Java On Chromebook - TechJunki	https://www.google.com/url?q=https://www.techjunkie.com/chromebook-install-java/&usg=AFQjCNGfGx-DZ2fbfsULkBgSHCbdRryEOw	TechJunki,Chromebook,Java,Install,How,Ch,Chrom,Chrome,Use
how to run java on chromebook	https://www.google.com/search?q=how+to+run+java+on+chromebook	chromebook,java
how to run java in google computer	https://www.google.com/search?q=how+to+run+java+in+google+computer	google,computer,java
jingdong stock	https://www.google.com/search?q=jingdong+stock	jingdong,stock
Google Search	https://www.google.com	Sea,Googl,Google,Search
YouTube	https://play.google.com/store/apps/details?id=com.google.android.youtube	YouTube,Tube,YouTub
YouTube	https://play.google.com/store/apps/details?id=com.google.android.youtube	YouTube,Tube,YouTub
YouTube	https://play.google.com/store/apps/details?id=com.google.android.youtube	YouTube,Tube,YouTub
YouTube	https://play.google.com/store/apps/details?id=com.google.android.youtube	YouTube,Tube,YouTub
YouTube	https://play.google.com/store/apps/details?id=com.google.android.youtube	YouTube,Tube,YouTub
YouTube	https://play.google.com/store/apps/details?id=com.google.android.youtube	YouTube,Tube,YouTub
YouTub	https://play.google.com/store/apps/details?id=com.google.android.youtube	YouTub
YouTub	https://play.google.com/store/apps/details?id=com.google.android.youtube	YouTub
YouTub	https://play.google.com/store/apps/details?id=com.google.android.youtube	YouTub
YouTub	https://play.google.com/store/apps/details?id=com.google.android.youtube	YouTub
YouTub	https://play.google.com/store/apps/details?id=com.google.android.youtube	YouTub
YouTub	https://play.google.com/store/apps/details?id=com.google.android.youtube	YouTub
YouTub	https://play.google.com/store/apps/details?id=com.google.android.youtube	YouTub
YouTub	https://play.google.com/store/apps/details?id=com.google.android.youtube	YouTub
YouTub	https://play.google.com/store/apps/details?id=com.google.android.youtube	YouTub
YouTub	https://play.google.com/store/apps/details?id=com.google.android.youtube	YouTub
YouTub	https://play.google.com/store/apps/details?id=com.google.android.youtube	YouTub
YouTub	https://play.google.com/store/apps/details?id=com.google.android.youtube	YouTub
YouTub	https://play.google.com/store/apps/details?id=com.google.android.youtube	YouTub
YouTub	https://play.google.com/store/apps/details?id=com.google.android.youtube	YouTub
YouTub	https://play.google.com/store/apps/details?id=com.google.android.youtube	YouTub
YouTub	https://play.google.com/store/apps/details?id=com.google.android.youtube	YouTub
YouTub	https://play.google.com/store/apps/details?id=com.google.android.youtube	YouTub
YouTub	https://play.google.com/store/apps/details?id=com.google.android.youtube	YouTub
How to Install Linux on a Chromebook and Unlock Its Full Potential	https://www.google.com/url?q=https://lifehacker.com/how-to-install-linux-on-a-chromebook-and-unlock-its-ful-509039343&usg=AFQjCNEc1BfvEtbYNdxSlcfYQYAl7s-MhQ	Chromebook,Unlock,Install,How,Potential,Full,Ch,Chrom,Chrome,Linux
How to Install and Use Java On Chromebook - TechJunki	https://www.google.com/url?q=https://www.techjunkie.com/chromebook-install-java/&usg=AFQjCNGfGx-DZ2fbfsULkBgSHCbdRryEOw	TechJunki,Chromebook,Java,Install,How,Ch,Chrom,Chrome,Use
TechJunkie - iPhone Android Windows Tutorials and Tips	https://www.google.com/url?q=https://www.techjunkie.com/&usg=AFQjCNF4ctYBchib2gO_7yM3LWZGRGyRAQ	Android,TechJunki,iPhone,Tips,Tutorials,Windows,TechJunkie
YouTub	https://play.google.com/store/apps/details?id=com.google.android.youtube	YouTub
YouTub	https://play.google.com/store/apps/details?id=com.google.android.youtube	YouTub
YouTub	https://play.google.com/store/apps/details?id=com.google.android.youtube	YouTub
YouTub	https://play.google.com/store/apps/details?id=com.google.android.youtube	YouTub
YouTub	https://play.google.com/store/apps/details?id=com.google.android.youtube	YouTub
YouTub	https://play.google.com/store/apps/details?id=com.google.android.youtube	YouTub
chromebook crosh developer mode - Google Search	https://www.google.com/search?ei=NOGjW6jSCcHs_Qav9a6oBA&q=chromebook+crosh+developer+mode&oq=chromebook+crosh+developer+mode&gs_l=psy-ab.3..33i299l3.1612.9086..9260...0.0..1.173.3387.33j8......0....1..gws-wiz.......0j0i71j0i22i30j35i39j0i20i263j0i67j33i160.hAurTDiF024	chromebook,crosh,mod,Sea,Googl,developer,mode,Google,Search
Poking around your Chrome OS Device - The Chromium Projects	https://www.google.com/url?q=https://www.chromium.org/chromium-os/poking-around-your-chrome-os-device&usg=AFQjCNFGuj4zUJrUZInR2HnJA6gWw9AJdA	OS,Device,Ch,king,Chrom,Chrome,Chromium,Projects
chromebook crosh shell unknown command - Google Search	https://www.google.com/search?ei=4eCjW4ndEfKl_Qa07JzIAg&q=chromebook+crosh+shell+unknown+command&oq=chromebook+crosh+unknown+shell&gs_l=psy-ab.1.0.0i22i30.1104.9312..11088...0.0..0.161.1311.13j3......0....1..gws-wiz.......0j0i71j35i39j0i20i263j0i7i30j0i30j0i67.GAzO4yIJOQU	chromebook,shell,crosh,Sea,Googl,command,Google,Search
chromebook crosh - Google Search	https://www.google.com/search?ei=Rd6jW_OwDYHL_QaGjLOYCA&q=chromebook+crosh&oq=chromebook+crosh&gs_l=psy-ab.3..0i20i263j0l4j0i22i30l5.975.11425..12038...7.0..2.262.4216.39j7j2....2..0....1..gws-wiz.....5..0i71j35i39j0i67j0i227i67j0i227i273j0i131i227i67j0i131i227i273j0i131j0i131i67j0i131i20i263i264j0i20i264j0i20i263i264j0i10j0i203.cdRsfHXcsiE	chromebook,crosh,Sea,Googl,Google,Search
how to run java on chromebook - Google Search	https://www.google.com/search?ei=Jd6jW-zwDPDB_Qbv_LfYDQ&q=how+to+run+java+on+chromebook&oq=how+to+run+java+on+chromebook&gs_l=psy-ab.3..0.24045.30211..30448...0.0..0.192.2566.26j5......0....1..gws-wiz.......0i71j35i39j0i22i30j0i22i10i30j0i20i263j0i67j0i203.9FVVdvfZOX8	chromebook,java,Sea,Googl,Google,Search
Choose your privacy settings - Computer - Chromebook Hel	https://support.google.com/chromebook/answer/114836?visit_id=636730630555878698-2501343066&p=settings_privacy&rd=1	Hel,Computer,Chromebook,privacy,Ch,Chrom,Chrome,settings,Choose
How to Install and Use Java On Chromebook	https://www.google.com/url?q=https://www.techjunkie.com/chromebook-install-java/&usg=AFQjCNGfGx-DZ2fbfsULkBgSHCbdRryEOw	Chromebook,Java,Install,How,Ch,Chrom,Chrome,Use
how to run java in google computer - Google Search	https://www.google.com/search?q=how+to+run+java+in+google+computer&oq=how+to+run+java+in+google+computer&aqs=chrome..69i57.15536j0j8&sourceid=chrome&ie=UTF-8	google,computer,java,Sea,Googl,Google,Search
airpods	https://express.google.com/search?q=airpods	airpods
POWER TRIO - Anton Davidyants - Gergo Borlai - Jakub ZyteckiBassTheWorld.com	https://www.youtube.com/watch?v=LSEqhVu4plg	Bass,la,World,Anton
Ancient Meat Cleaver RestorationRandom Hands	https://www.youtube.com/watch?v=-vipc6JKDK4	rat,Me,Hand,Ancient
Extreme Modern Automatic Crab Process Machine, Amazing Smart Crab Processing Machines Factory1next9	https://www.youtube.com/watch?v=C3nA5_8EaOs	Crab,Amazing,Extreme,Ex
Lucas the Spider - Musical SpiderLucas the Spider	https://www.youtube.com/watch?v=lGEY8IulWiA	Luca,SpiderLucas,Spider,Lucas,Music
SPEED DRAW- JAY HALLOWEEN-VivziepopVivziepo	https://www.youtube.com/watch?v=6kgwSvH53OU	ALL
Lucas The Spider - One Man BandLucas the Spider	https://www.youtube.com/watch?v=d-guQ3Pki-0	Luca,Man,Spider,Lucas,One
Lucas the Spider - Spinning WebsLucas the Spider	https://www.youtube.com/watch?v=qkZ_wc8ML18	Luca,Spider,Lucas
Lucas the Spider - Giant SpiderLucas the Spider	https://www.youtube.com/watch?v=v7H_Or9Nr5I	Luca,SpiderLucas,Spider,Giant,Lucas
Lucas the Spider - NaptimeLucas the Spider	https://www.youtube.com/watch?v=cO5M0vfyEE0	Luca,Spider,Lucas,time
A Conversation With BMOBob Herzberg	https://www.youtube.com/watch?v=IXSbswsfWgw	Herzberg,BMOBob,Conversation,Her
Deadpool 2FHEfoxconnect	https://www.youtube.com/watch?v=M-ifog47m1k	Deadpool,Dead
Avatar Sex Gone Wild - SNLSaturday Night Liv	https://www.youtube.com/watch?v=0BEBO5BdAM8	Avatar,Gon,Liv,Gone,Sex,Wild,Night,day,SNLSaturday
Install Google Play and third party Launcher on Vivo Nex SShare Everything	https://www.youtube.com/watch?v=5ZPzjB9Rj0Q	la,Install,Googl,Play,La,Every,Google
What You NEED to Know about GOLB Before the Adventure Time FinaleNerdWir	https://www.youtube.com/watch?v=seWPGZ-u3H4	Be,Time,Know
Steve Jobs Introducing The iPhone At MacWorld 2007superapple4ever	https://www.youtube.com/watch?v=x7qPAY9JqE4	Job,iPhone,World,Intro
Mink - One wishryokochanth	https://www.youtube.com/watch?v=aeAbLqkY3yU	Mi,One
justin bieber boyfriend	https://www.youtube.com/results?search_query=justin+bieber+boyfriend	justin,bieber
Jessie J, Ariana Grande, Nicki Minaj - Bang Bang ft. Ariana Grande, Nicki MinajJessieJVEVO	https://www.youtube.com/watch?v=0HDdjwpPM3Y	ft.,Mi
jessie j nicki minaj and ariana grand	https://www.youtube.com/results?search_query=jessie+j+nicki+minaj+and+ariana+grande	jessie,ariana,minaj
domino jessie j	https://www.youtube.com/results?search_query=domino+jessie+j	jessie
The 1984 Olympic Message Systemstolowy	https://www.youtube.com/watch?v=W6UYpXc4czM	System,Me
The kitten lives on the street and sleeps on my sneakersRobin Seplut	https://www.youtube.com/watch?v=30wT8ZJOeDA	Rob,street,Seplut,lee,kitten
jazz bass	https://www.youtube.com/results?search_query=jazz+bass	bass
bass	https://www.youtube.com/results?search_query=bass	bass
6.824 Lecture 1Bruno Almeida	https://www.youtube.com/watch?v=hBWfjkGKRas	Le
MIT 6.	https://www.youtube.com/results?search_query=MIT+6.824	MIT
Scottish Fold munchkinsteevski	https://www.youtube.com/watch?v=7VSR4_tAYvw	vs,Fold,Scott,munchkinsteevski
Unhappy Cat 2.0Sarah Whitwell	https://www.youtube.com/watch?v=ZyqdxxQl8k8	Cat
Unhappy CatSarah Whitwell	https://www.youtube.com/watch?v=PqaZ8QMoqzw	Cat
Psycho Cat Beats Up On VetJennie Day-Burget	https://www.youtube.com/watch?v=NGelhzl4l84	Be,Cat
Cat gets mad after being called a chicken.lightskinedtan	https://www.youtube.com/watch?v=LLuc1x2y_M4	Cat
Kittens came out of the hole and meowsRobin Seplut	https://www.youtube.com/watch?v=qrf2ynC_NZM	Rob,Kit,Kitten,Seplut,meowsRobin,meow,Kittens
Kitten hissing at me because the first time he saw a manRobin Seplut	https://www.youtube.com/watch?v=tmhNdSi-CvI	Rob,Kit,Kitten,Seplut,time
Getting Delay, without using any effects...Rob Scallon	https://www.youtube.com/watch?v=MNzBFgwkU0A	Getting,la,Rob,effects,Delay,Scallon
BASS vs. GUITARDavie504	https://www.youtube.com/watch?v=jMHsCK4uzj0	Davie504,GUITARDavie504,GUITARDavie5,vs,GUITAR,BASS
Liam Clow - Davie504 Signature Bass ContestLiam Clow	https://www.youtube.com/watch?v=Cd-g_CgPLbc	Bass,Davie504
Bastian Basaure - Davie508 Signature Bass ContestBastian Basaure	https://www.youtube.com/watch?v=OT_THyBaGtg	Bass
17 STRINGS Double Neck Bass Guitar SoloDavie504	https://www.youtube.com/watch?v=U-JCRjI0z7c	Bass,Davie504,So,Guitar,Double,Solo,NG,Neck,STRINGS,SoloDavie,SoloDavie504
bass	https://www.youtube.com/results?search_query=bass	bass
Every Single Marvel Post-Credits Scene before May 2016 - High QualitySuper News Live	https://www.youtube.com/watch?v=3SElPiIEBS4	Liv,Scene,News,Marvel,Live,Every,New
HOTEL TRANSYLVANIA  - WELCOME TO THE WORLD - Official TrailerMovie Galax	https://www.youtube.com/watch?v=KBeEySOJplw	la,Galax,VA,Trailer,THE,TO,Movie
SQUARE TO CHECK - ScoopBassTheWorld.com	https://www.youtube.com/watch?v=zk5mz3EsO9Q	Bass,World,TO
CICU VR 3D animationExtreme Medical	https://www.youtube.com/watch?v=Ez9f7iESu4Y	Medi,Me,Extreme,Ex
Cervical dilation assessmentMelonie Pusser	https://www.youtube.com/watch?v=-Aqhc2JGnoE	la,Me
Math Rock is Better Than Your RockSean Keast	https://www.youtube.com/watch?v=J93RHGV1zq8	Be,Sea,Than,Your
DONNA LEE - Alex BershadskyBassTheWorld.com	https://www.youtube.com/watch?v=fSv9wsfy-Mo	Bass,Be,BershadskyBassTheWorld.com,DONNA,Alex,World,LEE
Death Row Last Meals Game ft. Binging With BabishGood Mythical Morning	https://www.youtube.com/watch?v=qEHvgFsdjBc	ft.,Meals,Binging,Row,Morning,Mythical,Game,Meal,BabishGood,La,Me,Death,Good,My
Package Thief Slips And Breaks Her Leg - Instant justiceSalt	https://www.youtube.com/watch?v=MiAYcFoEkNc	Slips,Le,justiceSalt,Salt,Package,Leg,Breaks,Thief,Her
Mr Sleeping Beauty Foxpawsfoxalbiazul	https://www.youtube.com/watch?v=oC3L7NDIGHo	Be,Mr,lee,epi,Sleep
Happy Thanksgiving RonRonfoxalbiazul	https://www.youtube.com/watch?v=vck7uR6W3dU	Than
Kitten Escapes Cage to Play With Puppygrimchuck	https://www.youtube.com/watch?v=iriBuIunNYM	la,Kit,Kitten,Play,Cage
Cats just never fail to make us laugh - Funny cat compilationTiger Productions	https://www.youtube.com/watch?v=IX7pdpm1gp8	la,cat,Productions,Funny,compilation,Cats,Cat,Tiger
Bobo Cat Really Loves Being VacuumedKrzysztof Smejlis	https://www.youtube.com/watch?v=mrlkXEDGpIc	Be,Love,Loves,Cat
Luffy forms the Pirate Ninja Mink Alliance against Kaido One Piece 771Jevilz	https://www.youtube.com/watch?v=WQbQz-IUsZc	Mi,All,rat,Piece,Luffy,forms,One
Tigers reaction to the kittensmichael jamison	https://www.youtube.com/watch?v=1J0C2HlC38c	kitten,Tiger
BABY ANIMAL videos are the HARDEST TRY NOT TO LAUGH challenge - WATCH and DIE LAUGHINGTiger Productions	https://www.youtube.com/watch?v=n1EvgzK1YY4	NO,video,Productions,NG,TO,eng,TRY,Tiger
Most Adorable Red Panda - CUTEST CompilationAnimalTV	https://www.youtube.com/watch?v=Qu59cLEA4HQ	la,TV,Compilation,Animal,Panda,Red,Most
The moment this baby koala climbs up and cuddles cameramanSymbio Wildlife Park	https://www.youtube.com/watch?v=Ry8kY_QP4ys	la,Wild
Fox go FLOOFfoxalbiazul	https://www.youtube.com/watch?v=_AtP7au_Q9w	OF
Dumpling Around AsiaTast	https://www.youtube.com/watch?v=tPLJXHdqEu4	Around
How I Trained My CatsJunsKitchen	https://www.youtube.com/watch?v=5530I_pYjbo	Kit,How,Cats,My,Cat
Mother Cat and Cute Kittens - Best Family Cats Comilation 2018Funny Animals	https://www.youtube.com/watch?v=rWNKAXAAFmY	Be,la,Kit,Kitten,Animal,Family,Best,Funny,Kittens,Cats,Cute,Cat
How to build a dark matter detector - Jenna SaffinTED-Ed	https://www.youtube.com/watch?v=PxzNo58pE2c	How
Introducing a kitten to an older catEssi Huert	https://www.youtube.com/watch?v=VmQ_RI1sYEw	cat,Intro,kitten
Scared hissing kitten introduced to human by mother catCat Videos	https://www.youtube.com/watch?v=FbJH2Or8aBI	catCat,cat,Videos,Video,kitten,Scared,Cat
Meliodas vs. Escanor - Nanatsu no Taizai Season 3 - AMVNeuro AMV	https://www.youtube.com/watch?v=0_byBnffe0o	vs,Sea,Season,Me
12 BIGGEST Cat BreedsDown The Rabbithole	https://www.youtube.com/watch?v=BK0Gtd-g8Bs	Cat
Top 10 Most Beautiful Cat BreedsDope Facts	https://www.youtube.com/watch?v=tTTvbvD6VKQ	Be,Top,Facts,Cat,Most
Vivienne Medrano - Updated Animation Reel 2015Vivziepop	https://www.youtube.com/watch?v=gFlha-KOKCc	Me
The Son of 666 -VivziePopVivziepop	https://www.youtube.com/watch?v=MLqtHTXyPZs	So,Son
Adele - When We Were Young - Live at The BRIT Awards 2016AdeleVEVO	https://www.youtube.com/watch?v=HDpCv71r-0U	Liv,Live
Adele - Chasing PavementsAdeleVEVO	https://www.youtube.com/watch?v=08DjMT-qR9g	Ch
How Danny Carey Uses Electronic Drums65 Drums	https://www.youtube.com/watch?v=KI8cGM0W8go	Drum,How,Use
Tool Bass signal chain- new - by ToolmybassToolmybass	https://www.youtube.com/watch?v=yI_N145bt7Y	Bass,bass,Tool
BASS DJENTBassTheWorld.com	https://www.youtube.com/watch?v=5r-0bQADrBY	Bass,World,BASS
7 Curious Facts Your Appearance Says About YouBRIGHT SI	https://www.youtube.com/watch?v=84XbqptJD9k	SI,Facts,Your
Opossum funRiver rat skippy.	https://www.youtube.com/watch?v=7tCHVkAYcf4	rat
Snake kissesRiver rat skippy.	https://www.youtube.com/watch?v=0rtjJFxb9l4	rat
Taming a feral kittenRiver rat skippy.	https://www.youtube.com/watch?v=9J_s-4AoICo	rat,kitten
the amazing world of gumball	https://www.youtube.com/results?search_query=the+amazing+world+of+gumball	world
Case of the Blues-Abraham Laboriel.movBoyd Matson	https://www.youtube.com/watch?v=tcO-tmSvwi0	La
Solo Bass Master Aram BedrosianBassTheWorld.com	https://www.youtube.com/watch?v=3V2MM9yZfdw	Bass,Be,So,Solo,World
Fly Me to The Moon - Sungha JungSungha Jung	https://www.youtube.com/watch?v=4K8VEYHqdy0	Me
Izuku Vs Muscular - Boku no Hero Academia Season 3 Episode 4Anime Regent	https://www.youtube.com/watch?v=VtE8INjlo0Y	la,Episode,Sea,Season,Anime,Ep,Her
Army of Antons I The Amazing World of Gumball I Cartoon NetworkCartoon Network	https://www.youtube.com/watch?v=V8vkZdsr2Fg	Gumball,Network,Amazing,World,Anton,NetworkCartoon,Cartoon
AMAZING BASS PLAYER - JOANNA DUDKOWSKABassTheWorld.com	https://www.youtube.com/watch?v=jmoV9sYBiDY	Bass,PLAY,AMAZING,NG,World,PLAYER,BASS
My new look.Boyinaband	https://www.youtube.com/watch?v=gf7NXDOREjA	My
Darwin Tries on Hats I The Amazing World of Gumball I Cartoon NetworkCartoon Network	https://www.youtube.com/watch?v=j0vE2yV58oY	Gumball,Network,Amazing,World,NetworkCartoon,Cartoon
Knov - Hide and Seek - Hunter x HunterAmr Abdeldayem	https://www.youtube.com/watch?v=gXveF4JbEzY	day
Tawog the game season 2 epi 29coolgang second channel	https://www.youtube.com/watch?v=u5zKgsJdhcY	game,epi
THE MYSTERY FULL EPISODESLaela Walke	https://www.youtube.com/watch?v=R1hp3ivM8Ck	la,THE,La
Shuraiya and Luffy vs Gaspade and Needles AMVCGDS Amv	https://www.youtube.com/watch?v=QYUDqdGc2J4	vs,Luffy
Basket of Meowing KittensGinger Kitties Fou	https://www.youtube.com/watch?v=OvXHbJzWMqI	Kit,Kitten,Kittens,Me,Fou
Top 10 Eliminations in the Tournament of Power of Dragon Ball Super HDBlackRose	https://www.youtube.com/watch?v=EsH5wnyhYbk	la,HD,Top,Power,Ball,Black,Dragon
Vinsmokes Saves Rock Collie Island -  One Piece Ep 788MyZiad	https://www.youtube.com/watch?v=NH28BaeXh4c	la,land,Saves,Piece,Ep,One,My
Meet the Parents Cold Open - SNLSaturday Night Live	https://www.youtube.com/watch?v=kXIF2FQpgjM	Liv,Meet,Live,Night,day,Me,SNLSaturday
JAZZ BASSIST - HADRIEN FERAUDBassTheWorld.com	https://www.youtube.com/watch?v=JKUS8u-gVjY	Bass,BASSIST,SI,World,BASS
The Amazing World of Gumball The Pact Episode Clip Gumball Stalks Prinicpal Brown 1080pHDuberdude	https://www.youtube.com/watch?v=aegoSfMR5x8	Dub,Episode,Gumball,HD,Amazing,Clip,World,Ep
Awkward Hugs I The Amazing World of Gumball I Cartoon NetworkCartoon Network	https://www.youtube.com/watch?v=kwgkbAGGORU	Hugs,Gumball,Network,Amazing,World,NetworkCartoon,Cartoon
The Amazing World of Gumball - The Cage Previewfirst last	https://www.youtube.com/watch?v=MEqSoi6IKc8	la,Gumball,Amazing,Preview,Previewfirst,World,Cage
Mom cat comes to rescue her kitten from other catsmeow meow	https://www.youtube.com/watch?v=IVT3t3zq918	cat,Mom,meow,cats,kitten,rescue
Dog saves kitten from biting catCat Videos	https://www.youtube.com/watch?v=wNxbHgZE9qU	catCat,cat,Videos,saves,Dog,Video,kitten,Cat
Baby kittens meowing very loudly for mom catmeow meow	https://www.youtube.com/watch?v=3PDOlB2Hm1g	cat,meow,kitten
Baby kitten meow very loud on the streetRobin Seplut	https://www.youtube.com/watch?v=ZH4YSF-i5dY	Rob,street,Seplut,meow,kitten
Kite vs YunjiTarics Testimony	https://www.youtube.com/watch?v=YT4KUp-300k	Kit,vs,Test
xDrake saves Urouge from Pacifista - Dub One PieceHawk Eye Mihawk	https://www.youtube.com/watch?v=7QchLEq6l_w	Mi,Dub,saves,Piece,One
Remy Cooks Ratatouillepikkopots	https://www.youtube.com/watch?v=3YG4h5GbTqU	epi
15 Most Shocking Deaths in Hunter x HunterThe Senpai King	https://www.youtube.com/watch?v=oUmGurHMyMY	King,king,Death,Most
Gon vs Centipede Chimera AntTarics Testimony	https://www.youtube.com/watch?v=CGCUtQQ5TYI	Gon,Centipede,vs,Ch,Test
Luffy vs Doflamingo - Last Fight Luffy ExhaustedAbdul Khamid	https://www.youtube.com/watch?v=4drOYePB0kk	la,Fight,vs,Luffy,La,Ex
OneRepublic - Counting StarsOneRepublicVEVO	https://www.youtube.com/watch?v=hT_nvWreIhg	OneRepublic,Count,StarsOneRepublicVEVO,Star,One
The Amazing World of Gumball  - The Deal FULL EPISODE PART 2 360pKuBo BadBoys	https://www.youtube.com/watch?v=phfqrAuz7Ec	Gumball,Amazing,World
Kite vs YunjiTarics Testimony	https://www.youtube.com/watch?v=YT4KUp-300k	Kit,vs,Test
The real reason I have long hair.Boyinaband	https://www.youtube.com/watch?v=GAHkH2fB82I	reason,hair.Boyinaband
Dead Fast RapBoyinaband	https://www.youtube.com/watch?v=EQ0dmeCKExg	Dead,Fast,RapBoyinaband
Good Fast RapBoyinaband	https://www.youtube.com/watch?v=ZHctWGQKHqo	Fast,RapBoyinaband,Good
Pointless Fast RapBoyinaband	https://www.youtube.com/watch?v=uqSrvt3skgQ	Fast,RapBoyinaband,Pointless
DotA 2 - What 10 Years of Clockwerk Experience Looks LikeJimbenatorOnTwitch	https://www.youtube.com/watch?v=CEFZOvG2V8k	LikeJimbenatorOnTwitch,Clock,Experience,Clockwerk,Years,Looks,DotA,Ex
The Big Bang Theory - Drone Girl CynthiaCRYPTOSHELDON	https://www.youtube.com/watch?v=GZeUGFRPqPQ	OS,Big,TO
The Best of Jake the DogOh My Glob	https://www.youtube.com/watch?v=8UPSEMOpr50	Be,Best,Dog,My
Cartoons and Anime Portrayed by The Amazing World of Gumballa thing	https://www.youtube.com/watch?v=9JUR5nIkNW0	la,Gumball,Amazing,World,Anime,Cartoon
Jordan Peterson - Pick Something, Rather Than NothingManOfAllCreation	https://www.youtube.com/watch?v=otkbC2fSqDU	So,Man,All,Pick,Than
Boku no hero academia Deku X Tsuyu hint The rescue traininghens bionzell	https://www.youtube.com/watch?v=c__HT64c-w8	rescue
Boku no Hero Academia Best partner in 1 A Classhens bionzell	https://www.youtube.com/watch?v=QK4VufpFEIg	Be,la,Best,Her
Byakuran vs Tsuna - Burn it DownAnt Man	https://www.youtube.com/watch?v=qyx0ZPsB4sY	Man,vs
Germa Scentist fixes Yonji face One Piece Episode 793 English SubbedMyZiad	https://www.youtube.com/watch?v=YhgITDyUnLQ	Episode,Eng,Piece,Ep,One,My
Momonga Kills a Sea KingYoon Kang	https://www.youtube.com/watch?v=ASHS7oO14M4	Mom,King,Sea
Fujitora vs Luffy Gravity Blade Raging Tiger One Piece 743Jevilz	https://www.youtube.com/watch?v=dZn7jszex20	Fujitora,la,vs,Gravity,Raging,Piece,Luffy,One,Blade,Tiger
Fujitora saves Trafalgar Law from DoflamingoOne Piece To	https://www.youtube.com/watch?v=RIEaB0-dM_E	Fujitora,la,saves,Piece,La,One
One Piece Top 10 Haki AttacksHyu Chon	https://www.youtube.com/watch?v=1IepvgTrfO4	Top,Ch,Piece,One
Sabo Vs Lucci CP0 - One Piece GoldZOLEK	https://www.youtube.com/watch?v=FeJRDreQxnc	Piece,One
Cipher Pol 5 conspiracy to execute Gol D Roger Shipwrighter Tom HD Eng SubMyZiad	https://www.youtube.com/watch?v=lMHa952MF2M	HD,Eng,My
Evolution of One Piece Games 2000-2018Cussan	https://www.youtube.com/watch?v=oc8W7b9amlM	Games,Evolution,Game,Piece,One
This Is What Will Happen After Whole Cake Island ArcBenn Beckman	https://www.youtube.com/watch?v=HYPA0PQLJao	Be,la,land,Will,Who
Getting Delay, without using any effects...Rob Scallon	https://www.youtube.com/watch?v=MNzBFgwkU0A	Getting,la,Rob,effects,Delay,Scallon
Whitebeard Vs Blackbeard Full FightCrazy Anime	https://www.youtube.com/watch?v=-HZBBG70f28	la,Fight,Full,Anime,Black
Vice Admiral Tsuru and Sengoku in the New World HD One piece episode 740Replay TV	https://www.youtube.com/watch?v=j_vGkenredI	la,TV,HD,World,eng,play,New,epi,One
One Piece-Luffy vs Golden Lion Shiki-Full FightTheFlamingAnime Luffy	https://www.youtube.com/watch?v=BbTOEEZvttk	la,Fight,vs,Full,Piece,Anime,Luffy,One
One Piece - Admiral GreenbullLegendMac	https://www.youtube.com/watch?v=vT3U1jmVkrc	Le,Leg,Piece,One
Admiral Kizaru almost Finished Basil Hawkins - Dub One PieceHawk Eye Mihawk	https://www.youtube.com/watch?v=kvHoGcqxc1c	Mi,Dub,Piece,One
SIZE COMPARISON OF ONE PIECE CHARACTERS 2018ledernierutopiste	https://www.youtube.com/watch?v=BznxIDSQwrY	ONE,SI,OF
Luffy vs Giant Sea Centipede One Piece 788 HD ENG SUBLex Gus	https://www.youtube.com/watch?v=9gVnaTAuY0w	Centipede,Le,HD,NG,vs,ENG,Sea,Gus,Piece,Luffy,Giant,One,SUBLex
Monkey D Dragon Saves Luffy against SmokerPanda Man	https://www.youtube.com/watch?v=C36RzWX1SUA	Saves,Man,Panda,Luffy,Dragon
One Piece - Monkey D Dragon True PowersLegendMac	https://www.youtube.com/watch?v=sy-BhacC2ec	Le,Leg,Piece,Power,Dragon,One
Kaido captured Eustass Kid One Piece 779 Eng SubJevilz	https://www.youtube.com/watch?v=7OngUm_xve0	Eng,Piece,One
Nekomamushi vs Jack One Piece 759Jevilz	https://www.youtube.com/watch?v=WmKK05G5WVo	vs,Piece,Jack,One
Luis Fonsi - Despacito ft. Daddy YankeeLuisFonsiVEVO	https://www.youtube.com/watch?v=kJQP7kiw5Fk	ft.
OneRepublic - Counting StarsOneRepublicVEVO	https://www.youtube.com/watch?v=hT_nvWreIhg	OneRepublic,Count,StarsOneRepublicVEVO,Star,One
Most unexpected thing that happened in One PieceThe Hardwood Butche	https://www.youtube.com/watch?v=NXqEzaDnSZ0	wood,Piece,One,Most
thousand years	https://www.youtube.com/results?search_query=thousand+years	years
How Will I KnowSam Smith - Topic	https://www.youtube.com/watch?v=cHDL6BQvKdY	KnowSam,Topic,How,Top,Know,Will,Smith
OneRepublic - Counting StarsOneRepublicVEVO	https://www.youtube.com/watch?v=hT_nvWreIhg	OneRepublic,Count,StarsOneRepublicVEVO,Star,One
Luis Fonsi - Despacito ft. Daddy YankeeLuisFonsiVEVO	https://www.youtube.com/watch?v=kJQP7kiw5Fk	ft.
10 Signs Your Cat Loves Youmeow meow	https://www.youtube.com/watch?v=8hXr_QxliyM	Love,Youmeow,meow,Signs,Loves,Your,Cat
HOW TO UNDERSTAND YOUR CAT BETTERBRIGHT SI	https://www.youtube.com/watch?v=Xz6yBbBRr8Y	SI,CAT,TO,YOU
5 REASONS TO PICK CLOCKWERKdopatwo	https://www.youtube.com/watch?v=-EujOiSCFNA	TO,REASONS,PICK
GREAT BASS BATTLE with Miki SantamariaDavie504	https://www.youtube.com/watch?v=FfG5Le2C4tA	Davie504,Mi,BATTLE,BASS
Harley Benton Vintage Series JB-75NA - Unboxing feat. Holly JorgeJimijaymesGuitarist	https://www.youtube.com/watch?v=cpeB2oFUZRM	Be,Guitar,Guitarist,feat
One Piece funny scene - Sanji meets Ivankovhatchhyjack	https://www.youtube.com/watch?v=3c7PatK-aEs	meets,Piece,One
twenty one pilots Heathens Bass Cover with tabAlto Fox	https://www.youtube.com/watch?v=UvSwhTJtoDw	Bass,Cover
rayleigh vs admiral kizaru one pieceSennin Blood	https://www.youtube.com/watch?v=95k7Qw5D2tw	vs
Fujitora vs Luffy Gravity Blade Raging Tiger One Piece 743Jevilz	https://www.youtube.com/watch?v=dZn7jszex20	Fujitora,la,vs,Gravity,Raging,Piece,Luffy,One,Blade,Tiger
Sabo Vs BurgessKing Of Games	https://www.youtube.com/watch?v=duRAoTbj8Ds	Games,King,Game
Sabo eats Mera Mera no Mi - Fire FistThePirateQueen	https://www.youtube.com/watch?v=kqppTQRpco4	Mi,rat,Me
The Prodigy on an Acoustic Guitar - Luca StricagnoliLuca Stricagnoli	https://www.youtube.com/watch?v=CIpOxa5hxOw	Luca,Guitar,Acoustic
Through the Fire and BASSDavie504	https://www.youtube.com/watch?v=3FzFK8wgl8Y	Davie504,BASSDavi,BASSDavie504,BASSDavie5,BASSDavie,BASS
DEADMAU5 said this Bassline is IMPOSSIBLE...Davie504	https://www.youtube.com/watch?v=cytyAgu9-bA	OS,Bass,Davie504,SI
Trace Bundy- Oldies MedleyProudMom27	https://www.youtube.com/watch?v=QI76ZvVeEbI	Mom,Me,Trace,Bundy,Bundy-
Trace Bundy - Elephant KingOleg Plocins	https://www.youtube.com/watch?v=uprfvvMddGI	Plocins,King,Trace,Bundy,KingOleg
elephant king	https://www.youtube.com/results?search_query=elephant+king	king
KIESEL FANNED FRET BASSBassTheWorld.com	https://www.youtube.com/watch?v=igY4RAzyw7w	Bass,World,FRET,BASS
AMAZING ACOUSTIC BASS PLAYERBassTheWorld.com	https://www.youtube.com/watch?v=pDhsTTMfoKI	Bass,PLAY,ACOUSTIC,AMAZING,NG,World,PLAYER,BASS
Goofy Movie Stand out and Eye to EyeSheldon Williamson	https://www.youtube.com/watch?v=QsLsxgCUi6E	Will,Stand,Movie
Spooky Scary Skeletons Meets BassDavie504	https://www.youtube.com/watch?v=2t69GYJPHmk	Bass,Davie504,Spooky,Meet,BassDavie5,BassDavie,Scary,Me,Meets,Skeletons
Spooky Merry ChristBASSDavie	https://www.youtube.com/watch?v=LVSGibRUj00	BASSDavi,Spooky,Ch,ChristBASSDavie,BASSDavie,Me,BASS,Merry
Marcus Miller Bass MedleyDavie504	https://www.youtube.com/watch?v=BHcQAc7hUzo	Bass,Davie504,Mi,Me
How to open your hood on a Mini CooperTwin Pine Ford	https://www.youtube.com/watch?v=r_Yu-ZNrgio	Mi,How,hood
Dmitry Lisenko - Illusion Of Change - Acoustic Bass SoloCandyrat Records	https://www.youtube.com/watch?v=ZcSLLFAQUF4	Bass,Records,Lisenko,So,Solo,rat,Change,SoloCandyrat,Ch,Illusion,Dmitry,Acoustic
ACOUSTIC BASS WIZARD - DMITRY LISENKOBassTheWorld.com	https://www.youtube.com/watch?v=c1lmFmwOicU	Bass,MIT,WIZARD,ACOUSTIC,DMITRY,World,LISENKOBassTheWorld.com,TRY,BASS
AMAZING YOUNG BASSIST MOHINI DEYBassTheWorld.com	https://www.youtube.com/watch?v=3w0JZpaHDz4	Bass,BASSIST,SI,MOHINI,AMAZING,NG,World,DEYBassTheWorld.com,BASS,YOUNG,YOU
AMAZING ACOUSTIC BASS PLAYERBassTheWorld.com	https://www.youtube.com/watch?v=pDhsTTMfoKI	Bass,PLAY,ACOUSTIC,AMAZING,NG,World,PLAYER,BASS
RYAN MARTINIE - BASS SOLOBassTheWorld.com	https://www.youtube.com/watch?v=jpeeH0UuYo4	Bass,SOLO,World,BASS
100 Amazing Bass LinesDavie504	https://www.youtube.com/watch?v=FDKDdVilQT4	Bass,Davie504,Amazing,LinesDavi,Lines,LinesDavie
THE BEST BASS EVERDavie504	https://www.youtube.com/watch?v=jFdtdqtH4O0	Davie504,EVERDavie5,EVERDavie504,THE,BASS,BEST
30 Amazing slap funk  Bass linesCambridge Bass Lessons	https://www.youtube.com/watch?v=31RomO2TovU	linesCambridge,Bass,funk,la,Le,Amazing,slap,Lessons
SHOB - Green ElephantBassTheWorld.com	https://www.youtube.com/watch?v=Fgy-A9Pn0E4	Bass,World
The No.1 Soloing Problem For Bass PlayersTalkingBass - Online Bass Lessons	https://www.youtube.com/watch?v=U4dLYwGAN8A	Bass,la,Le,Player,So,Solo,king,Play,Online,Lessons
100 Amazing Bass Lines 2Davie5	https://www.youtube.com/watch?v=JrB8WDGJJ0c	Bass,Amazing,Lines
Top 10 Easy Bass Riffs For BeginnersTalkingBass - Online Bass Lessons	https://www.youtube.com/watch?v=ZyMm0Q8UM7M	Bass,Be,Le,BeginnersTalkingBass,Top,king,Easy,Riffs,Online,Lessons
bass riff	https://www.youtube.com/results?search_query=bass+riff	bass
Top 6 Geddy Lee Bass Riffs LessonTalkingBass - Online Bass Lessons	https://www.youtube.com/watch?v=M41iavRdG4s	Bass,Le,Top,king,Riffs,Online,Lessons
Top 5 Must Know Bass Riffs For BeginnersTalkingBass - Online Bass Lessons	https://www.youtube.com/watch?v=PlZxvS4aHM0	Bass,Be,Le,BeginnersTalkingBass,Top,Know,king,Riffs,Online,Lessons
Every MUSE Song On BassAndre Antunes	https://www.youtube.com/watch?v=UC09S6JYY7o	Bass,Antunes,So,Song,Son,Every
NEW FRETLESS BASS SOLODavie5	https://www.youtube.com/watch?v=owMDsM56ddQ	FRETLESS,SOLODavie5,SOLODavi,SOLO,NEW,SOLODavie,FRET,BASS
FRETLESS BASS SOLODavie504	https://www.youtube.com/watch?v=DjpudvU-ZRA	Davie504,FRETLESS,SOLODavie504,SOLODavie5,SOLODavi,SOLO,SOLODavie,FRET,BASS
fretless bass	https://www.youtube.com/results?search_query=fretless+bass	bass
fresless bass	https://www.youtube.com/results?search_query=fresless+bass	bass
100 Amazing Bass LinesDavi	https://www.youtube.com/watch?v=FDKDdVilQT4	Bass,Amazing,LinesDavi,Lines
TOY BASS GUITAR SOLODavie5	https://www.youtube.com/watch?v=VwHDM4QhAAo	TOY,SOLODavie5,SOLODavi,SOLO,TO,SOLODavie,GUITAR,BASS
STICK BASS SOLODavie5	https://www.youtube.com/watch?v=NHcl6cyoU44	STICK,SOLODavie5,SOLODavi,SOLO,SOLODavie,BASS
15 STRINGS SLAP BASS SOLODavi	https://www.youtube.com/watch?v=nQJapf5NI5Y	NG,STRINGS,SOLODavi,SOLO,SLAP,BASS
24 STRINGS BASS SOLO 2Davi	https://www.youtube.com/watch?v=sUAQS-xDtYs	NG,STRINGS,SOLO,BASS
Spooky Scary Skeletons Meets BassDavie5	https://www.youtube.com/watch?v=2t69GYJPHmk	Bass,Spooky,Meet,BassDavie5,BassDavie,Scary,Me,Meets,Skeletons
Spooky Merry ChristBASSDavie5	https://www.youtube.com/watch?v=LVSGibRUj00	BASSDavi,Spooky,Ch,BASSDavie5,ChristBASSDavie,BASSDavie,Me,BASS,Merry
THE BEST BASS EVERDavie5	https://www.youtube.com/watch?v=jFdtdqtH4O0	EVERDavie5,THE,BASS,BEST
The Cheapest BASS on AMAZONDavie5	https://www.youtube.com/watch?v=Er6SRfgTNrg	Ch,BASS
The Cheapest BASS on EBAYDavi	https://www.youtube.com/watch?v=jbxTOzUMpVM	Ch,BASS
GOLD STRINGS on BASSDavie504	https://www.youtube.com/watch?v=3qh43LPIlsA	Davie504,GOLD,BASSDavi,NG,STRINGS,BASSDavie504,BASSDavie5,BASSDavie,BASS
BASS Necessities - Red Hot Chili PeppersDavi	https://www.youtube.com/watch?v=zZNVHpPL2mg	Chili,Ch,Peppers,Hot,BASS,Red
The Cheapest BASS on AMAZONDavie504	https://www.youtube.com/watch?v=Er6SRfgTNrg	Davie504,Ch,BASS
Araragi Fights EpisodeSeby Strong	https://www.youtube.com/watch?v=iqFGODSDBX8	Fight,Episode,Ep
Cats Waking UpLarry Jones	https://www.youtube.com/watch?v=xHxWqJ4VM2I	Larry,king,La,Cats,Cat
Tommy Emmanuel Boogie WoogieOBrienGuitars	https://www.youtube.com/watch?v=rEWfsPL1Y7g	Guitar,Guitars
5 REASONS TO PICK OMNIKNIGHTdopatwo	https://www.youtube.com/watch?v=WY025zbGNIg	TO,REASONS,PICK
5 REASONS TO PICK PANGOLIERdopatwo	https://www.youtube.com/watch?v=s9J2ktkOrhI	NG,TO,REASONS,PICK
KITTEN and CATCatPusic	https://www.youtube.com/watch?v=SJsvPv5Q_oY	CAT,Cat
George W. Bush Returns Cold Open - SNLSaturday Night Live	https://www.youtube.com/watch?v=lpkRFHSpvGI	Liv,Live,Night,day,SNLSaturday
Kitten VERY Protective of her Foodjohnnycivic66	https://www.youtube.com/watch?v=ukfiRC6uGEo	jo,Kit,Kitten,Food,VERY
Korean Street Food - GIANT KING CRAB Egg Seafood Soup KoreaTravel Thirsty	https://www.youtube.com/watch?v=2s4dRGKa4IM	Thirsty,Korean,Seafood,Street,So,CRAB,Egg,GIANT,NG,KoreaTravel,Sea,Korea,food,KING,Food
Japanese Street Food - SWEET AND SOUR PARROTFISH Seafood JapanTravel Thirsty	https://www.youtube.com/watch?v=u02H0es8uFs	Thirsty,Seafood,Street,Japan,JapanTravel,Sea,food,FISH,Food,Japanese
Scott Pilgrim VS the World - VS The Katayanagi Twinsbros4lief	https://www.youtube.com/watch?v=gTdoIAGgOLg	World,VS,Scott
Inner Workings 2016Kuntal Patel	https://www.youtube.com/watch?v=TyG3TwT7Dl0	king
How catnip gets cats highamaisa300K	https://www.youtube.com/watch?v=J5Xrcp6k8VE	cat,How,cats
Ratatouille - Le Festin clipnullfull	https://www.youtube.com/watch?v=SY5AJAaIyT4	Le
Ratatouille making soup scenejay lee	https://www.youtube.com/watch?v=Rq0DtugXMkA	king,lee
Indonesian Street Food - RAINBOW BUTTER CAKE IndonesiaTravel Thirsty	https://www.youtube.com/watch?v=lXnHK7f9mN4	Thirsty,Street,AI,Food
Evolution of Taylor Swift playing acoustic guitarAsphy Moonstone	https://www.youtube.com/watch?v=bUAMTP-pbM0	la,guitar,Evolution,play
To Be Continued 3...ZU3R4	https://www.youtube.com/watch?v=L5-PWtUxZqA	Be
Scooby Doo Before And After 2017MortisWTF	https://www.youtube.com/watch?v=Yczysthi2oo	Be
THE AMAZING DEADPOOLLazydrago	https://www.youtube.com/watch?v=EMWpOwSDHhY	AMAZING,NG,THE,La
city of stars	https://www.youtube.com/results?search_query=city+of+stars	city,stars,star
La La Land - Epilogue Advanced Piano Cover With Sheet MusicaSongScout	https://www.youtube.com/watch?v=wHF-D08gDGI	MusicaSongScout,So,Song,Advanced,Land,Son,Cover,La,Epilogue,Sheet,Ep,Piano,Music
Thor vs The Destroyer - Fight Scene - Thor Gets His Power Back - Movie CLIP HDTopMovieClips	https://www.youtube.com/watch?v=TmLcJ6UO5_Y	Scene,Fight,HD,Top,vs,Clip,Power,Clips,Movie
Deadpool 2016 Scrapyard Fight SceneInverted	https://www.youtube.com/watch?v=4aAtolSU73A	Deadpool,Dead,Scene,Fight
Deadpool 2016- Final Fight Scene P1Orlok 4	https://www.youtube.com/watch?v=905DSA4K0XM	Deadpool,Dead,Scene,Fight
Deadpool and Colossus funny sceneSpideypool	https://www.youtube.com/watch?v=xleL_y3mQrE	Deadpool,Dead
Top 10 Bleach BankaiAnimeConnectPeople	https://www.youtube.com/watch?v=kEUHcoSDotc	People,Connect,Bank,Top,Anime
Bankai - Madarame Ikkakuauric	https://www.youtube.com/watch?v=BeuNTXSJctw	Bank
Funny Cats Protecting Babies Compilationfunnyplox	https://www.youtube.com/watch?v=T9fjY3SR5KE	la,Babies,Compilationfunnyplox,Compilation,Protecting,Funny,Cats,Cat
19-Year-Old Kid Creates Badass Fighting AnimeNewGamingOrder	https://www.youtube.com/watch?v=pH5XyCh5xu8	Fight,Anime,New
People Try Walking Their CatsBuzzFeedVideo	https://www.youtube.com/watch?v=9C1leq--_wM	Try,People,Video,king,Cats,Cat
6 Things Your Cat is Saying to YouJackson Galaxy	https://www.youtube.com/watch?v=KEbtXkd2XF4	la,Saying,Galax,Things,YouJackson,Galaxy,Jack,Your,Cat
The two talking catsTheCatsPyjaaaamas	https://www.youtube.com/watch?v=z3U0udLH974	cat,cats,king,Cats,Cat
The Amazing World of Gumball - The Matchmaker Previewfirst last	https://www.youtube.com/watch?v=O1U3scKTNqI	la,Gumball,Amazing,Preview,Previewfirst,World
The Amazing World of Gumball - The List Previewfirst last	https://www.youtube.com/watch?v=nhzminj_4R8	la,List,Gumball,Amazing,Preview,Previewfirst,World
7 Things Your Cat Wants On AmazonThe Future Is Now	https://www.youtube.com/watch?v=9Ine0LNFVUc	Things,Wan,Your,Cat
7 Things Your Cat Wants On AmazonThe Future Is Now	https://www.youtube.com/watch?v=K-Ec7gzVZv0	Things,Wan,Your,Cat
How To Wrap A Cat For ChristmasMoreFlippyCat	https://www.youtube.com/watch?v=jm3dm5J5r0A	How,Ch,Cat
Scared cats compilation Part 2Lulunolly	https://www.youtube.com/watch?v=CEJGR6NVLig	la,Part,cat,cats,compilation,Scared
Scared cats compilation Part 1Lulunolly	https://www.youtube.com/watch?v=mYDBDd3N_IE	la,Part,cat,cats,compilation,Scared
My jealous kittymydigitaldiaries	https://www.youtube.com/watch?v=US4CT-uCz3c	kittymydigitaldiaries,My
Cats begging for HugsFacebook Viral	https://www.youtube.com/watch?v=MIhrb2bgQrg	Hugs,Viral,HugsFacebook,Cats,Cat
The deepest MEOW in the worldFresh Tube Medi	https://www.youtube.com/watch?v=uV6nVH2KH7I	world,Medi,MEOW,Tube,Me
Cats demanding petting Compilationmakemeow	https://www.youtube.com/watch?v=8QJEQDGuhpM	la,Compilationmakemeow,Compilation,meow,Cats,Cat
Little cat wants kissesSoufiane Octopus	https://www.youtube.com/watch?v=Q5qtDFLbe1Y	cat,So,Octopus,Little
Cute frog screamingKissTheCook	https://www.youtube.com/watch?v=WCYs6hXENGc	frog,Cute,screamingKissTheCook
Cat asking for helpwalter santi	https://www.youtube.com/watch?v=okUWga1mTQU	helpwalter,santi,king,Cat
Mom cat talking to her kittensmeow meow	https://www.youtube.com/watch?v=c36u4zTb05E	cat,Mom,meow,king,kitten
Cat Responds to Owners QuestionsDailyPicksandFlicks	https://www.youtube.com/watch?v=FTKVWvTGqn4	Responds,QuestionsDailyPicksandFlicks,Owners,Pick,Cat
Ancient battle-scarred feral cat meets tiny kittensTinyKittens HQ	https://www.youtube.com/watch?v=dZiJkicepzM	meets,cat,Kit,Kitten,kittensTinyKittens,Kittens,Tiny,HQ,kitten,Ancient
CAT LIKES HUGSCatPusic	https://www.youtube.com/watch?v=VyH-oOE_8mA	CAT,Cat
Kittens came out of the hole and meowsRobin Seplut	https://www.youtube.com/watch?v=qrf2ynC_NZM	Rob,Kit,Kitten,Seplut,meowsRobin,meow,Kittens
Cat Puts Herself to Sleep in Tiny Human BedSophielovestu	https://www.youtube.com/watch?v=psGDf2VrvK8	Be,So,Tiny,lee,Sleep,Her,Cat
Every day. Every. Darn. Day.karmanno	https://www.youtube.com/watch?v=9EYZnSXEla0	Darn,Day.karmanno,day,Every
The Amazing World of Gumball - The Cage Previewfirst last	https://www.youtube.com/watch?v=MEqSoi6IKc8	la,Gumball,Amazing,Preview,Previewfirst,World,Cage
move	https://www.youtube.com/results?search_query=move	move
NAVA Design - Ora UnicaNava Desig	https://www.youtube.com/watch?v=Z-h5Yc5TPoI	VA,Design,Desig
NAVA Watches by Denis Guidone of NAVA Designpaink3	https://www.youtube.com/watch?v=as2ydxfyHqg	Watch,VA,Design,Desig
Cartoon Network  BumpersRebornSuperSaiy	https://www.youtube.com/watch?v=A1OSyNYuwzY	Network,Cartoon
roundabout yes bass	https://www.youtube.com/results?search_query=roundabout+yes+bass	bass,yes,roundabout
Roundabout Bass CoverTJH3113	https://www.youtube.com/watch?v=B7oFR-4rCAA	Bass,Round,CoverTJH3113,Cover,Roundabout
Roundabout Acoustic Guitar lesson Preview  by YesTGAcousticLessons	https://www.youtube.com/watch?v=g6JKOjxhDHo	Le,Round,YesTGAcousticLessons,Guitar,Preview,Roundabout,Acoustic,lesson,Lessons
YES - Roundabout - Intro - Guitar LessonGuitar Lessons BobbyCrispy	https://www.youtube.com/watch?v=lL4H0x1TltU	Le,Round,Guitar,LessonGuitar,BobbyCrispy,Roundabout,Intro,Lessons,YES
roundabout yes guitar lesso	https://www.youtube.com/results?search_query=roundabout+yes+guitar+lesson	guitar,yes,roundabout
YES - RoundaboutChismosoAr	https://www.youtube.com/watch?v=IyYCpEh034I	Round,Ch,RoundaboutChismosoAr,Roundabout,YES
roundabout yes	https://www.youtube.com/results?search_query=roundabout+yes	yes,roundabout
to be continue jojo	https://www.youtube.com/results?search_query=to+be+continue+jojo	jo,jojo
The Origins of Stand CriesxForts	https://www.youtube.com/watch?v=jBfpWUJPNXk	CriesxForts,Stand,Origins
To Be Continued Jojo CompilationSmAs	https://www.youtube.com/watch?v=x3eCp_b6LJg	Be,la,Jojo,jo,Compilation,CompilationSmAs
roundabout	https://www.youtube.com/results?search_query=roundabout	roundabout
jojo music	https://www.youtube.com/results?search_query=jojo+music	jo,jojo
jo jo music	https://www.youtube.com/results?search_query=jo+jo+music	jo
Only Star wars fans will find it funny Part 1Mr Rajput	https://www.youtube.com/watch?v=ErOkwjzqaWs	Part,Only,Rajput,wars,Mr,fans,Star
Things Only Star Wars Fans Will Find FunnyFunnyPicsOnly	https://www.youtube.com/watch?v=CDpq-i7Zg0Y	Only,Things,Wars,Funny,Will,Star
Ultimate Compilation Cat Jedi - 2016Compilatio	https://www.youtube.com/watch?v=vpOWk3EpjnY	la,Compilation,Ultimate,Cat
STAR WARS BEARS - LIGHTSABER BATTLEVidgeo	https://www.youtube.com/watch?v=VWzwFo2dQjQ	BATTLE
JEDI CHIPMUNKS LIGHTSABER BATTLEVidgeo	https://www.youtube.com/watch?v=fu-jyoBGsUU	BATTLE
5 REASONS TO PICK LINAdopatwo	https://www.youtube.com/watch?v=4T1xGekt7_g	TO,REASONS,PICK
Bicentennial Man - Take Chances, Make MistakesGarrett Lipsey	https://www.youtube.com/watch?v=JF6bdDd8T80	Mi,Man,Ch
one is glad to be of servi	https://www.youtube.com/results?search_query=one+is+glad+to+be+of+service	la
How the Animal Kingdom SleepsThe Atlanti	https://www.youtube.com/watch?v=A-JtybJbVbA	la,Animal,How,King,lee,Sleep
city of star guitar	https://www.youtube.com/results?search_query=city+of+star+guitar	city,guitar,star
22 REASONS TO PLAY 707dopatwo	https://www.youtube.com/watch?v=y3MpMZnZCAI	PLAY,TO,REASONS
TIE Fighter - short filmOtaKing	https://www.youtube.com/watch?v=PN_CP4SuoTU	Fight,King,film
The Most Pointless CGI In Movie HistoryMr Sunday Movies	https://www.youtube.com/watch?v=GDbYUAjCx3U	Mr,day,Pointless,Movie,Most
How Mozzarella Is MadeTasty	https://www.youtube.com/watch?v=pU_VoyWfLfY	la,How,Tasty
Most badass anime moment of all timeBeyond Final Fantasy	https://www.youtube.com/watch?v=tqgt9LrMwG0	Be,time,Most
Star Wars Clone Wars General Krell VS The 501st and 212th HDVideo Clips H	https://www.youtube.com/watch?v=7PcmoPz82xw	Wars,HD,Clip,VS,Video,Star,Clips
One-Punch Man English Dub - Saitama vs. SubterraneansToonamiOP	https://www.youtube.com/watch?v=M7WgNRmtWrw	Dub,Man,Eng,vs,One
Building the ultimate Star Wars lightsaberThe Verg	https://www.youtube.com/watch?v=W7ImIzJJGEA	Wars,Star
La La Land - Epilogue Advanced Piano Cover With Sheet MusicaSongScout	https://www.youtube.com/watch?v=wHF-D08gDGI	MusicaSongScout,So,Song,Advanced,Land,Son,Cover,La,Epilogue,Sheet,Ep,Piano,Music
Star Wars  Yoda ,  Anakin Skywalker , Obi  Wan Kenobi  vs Count DookuRocky dehh	https://www.youtube.com/watch?v=2_PxZdff71g	Count,Wars,vs,Wan,Star
Star Wars Master Yoda VS Darth Sidious HDVideo Clips H	https://www.youtube.com/watch?v=iu3qoIsGzUM	Wars,HD,Clip,VS,Video,Star,Clips
Homemade RamenJunsKitchen	https://www.youtube.com/watch?v=9WXIrnWsaCo	Kit,RamenJunsKitchen,Ramen,Homemade
Overwatch WTF Moments Ep.61Overwatch Highlights	https://www.youtube.com/watch?v=mAlXXwYcSF4	Highlight,Overwatch,Mom,Moments,Ep
The Marvel Symphonic UniverseEvery Frame a Painting	https://www.youtube.com/watch?v=7vfqkvwW2fs	Marvel,Every
Stray Cat  Following and  Begging to be let  inside a house had a very good reasonAnimal Galaxy	https://www.youtube.com/watch?v=yBjMOpYw1DA	Be,la,Galax,Animal,Stray,Galaxy,Begging,reason,reasonAnimal,house,Cat
Every day. Every. Darn. Day.karmanno	https://www.youtube.com/watch?v=9EYZnSXEla0	Darn,Day.karmanno,day,Every
24 STRINGS BASS SOLO 2Davie504	https://www.youtube.com/watch?v=sUAQS-xDtYs	Davie504,NG,STRINGS,SOLO,BASS
Mom cat cleaning her kitten by forcemeow meow	https://www.youtube.com/watch?v=ZSDNJaJHPhg	cat,Mom,meow,kitten
10 Signs Your Cat Loves Youmeow meow	https://www.youtube.com/watch?v=8hXr_QxliyM	Love,Youmeow,meow,Signs,Loves,Your,Cat
Funny Cats Protecting Babies Compilationfunnyplox	https://www.youtube.com/watch?v=T9fjY3SR5KE	la,Babies,Compilationfunnyplox,Compilation,Protecting,Funny,Cats,Cat
Kizumonogatari III Reiketsu-Hen Live ReactionThe Wraith Zone Velvet Room	https://www.youtube.com/watch?v=dGeE3XvPOiI	Liv,Live
Seal Strawberry DaifukuJunsKitchen	https://www.youtube.com/watch?v=2BgtftaJAWA	Kit,Sea
Tempura Udon NoodlesJunsKitchen	https://www.youtube.com/watch?v=iigDXgdKkuI	Kit,NoodlesJunsKitchen,Tempura,Udon
Crepe SuzetteJunsKitchen	https://www.youtube.com/watch?v=bF9zOykErJ4	Kit
Pixar-Style RatatouilleChefSteps	https://www.youtube.com/watch?v=iCMGPRiDXQg	Ch
city of star guitar	https://www.youtube.com/results?search_query=city+of+star+guitar	city,guitar,star
city of star guitar	https://www.youtube.com/results?search_query=city+of+star+guitar	city,guitar,star
city of star	https://www.youtube.com/results?search_query=city+of+star	city,star
Julia Michaels - Issues - Music Video CoverTaryn Southern	https://www.youtube.com/watch?v=_rMCvTFf7Wg	Southern,Mi,So,Julia,Cover,Video,Michael,CoverTaryn,Michaels,Music
Zedd - Stay ft. Alessia Cara - Music Video CoverTaryn Southern	https://www.youtube.com/watch?v=8qPLHwH54Lw	ft.,Southern,So,Cover,Video,CoverTaryn,Cara,Music
city of star	https://www.youtube.com/results?search_query=city+of+star	city,star
la la land	https://www.youtube.com/results?search_query=la+la+land	la,land
Dolphin Guitars - FLY ROBIN Grace  Demo - Player Satoshi GogoDolphin Guitars	https://www.youtube.com/watch?v=gI3GLUMR_KM	la,Demo,Player,Guitar,Grace,FLY,GogoDolphin,Guitars,Play,ROBIN,Dolphin,Satoshi
Trace Bundy - PatangaOleg Plocins	https://www.youtube.com/watch?v=3DbjT8vFpro	Plocins,Trace,Bundy,PatangaOleg
Trace Bundy - Elephant KingOleg Plocins	https://www.youtube.com/watch?v=uprfvvMddGI	Plocins,King,Trace,Bundy,KingOleg
Trace Bundy-Elephant KingAmazingGraceRadio	https://www.youtube.com/watch?v=siioLU7820A	Grace,Amazing,King,Trace,Bundy,Bundy-
elephant king	https://www.youtube.com/results?search_query=elephant+king	king
Tommy Emmanuel on PracticingTG AcousticSnapShots	https://www.youtube.com/watch?v=uIzYq6SZQVI	Acoustic
Doublethumbing bass tutorialMarloweDK - PlayBassNow.com	https://www.youtube.com/watch?v=tM7EOeaybL4	Bass,PlayBassNow.com,la,Double,bass,Play
Age of Ultron - Quicksilver Running Scenes HDJohn Nemesis	https://www.youtube.com/watch?v=vvMJs3GjTls	Scene,Quick,HD
How I Trained My CatsJunsKitchen	https://www.youtube.com/watch?v=5530I_pYjbo	Kit,How,Cats,My,Cat
This is what Neymar did in his last game for BarcelonaIuonak	https://www.youtube.com/watch?v=QqPHkBwjVl4	la,BarcelonaIuonak,Neymar,game
AMAZING YOUNG BASSIST MOHINI DEYBassTheWorld.com	https://www.youtube.com/watch?v=3w0JZpaHDz4	Bass,BASSIST,SI,MOHINI,AMAZING,NG,World,DEYBassTheWorld.com,BASS,YOUNG,YOU
How to play a advanced pentatonic scale bass run in all keys in the circle of fifthsMarloweDK - PlayBassNow.com	https://www.youtube.com/watch?v=7L60WdeyyuM	Bass,PlayBassNow.com,la,scale,How,bass,keys,Play,play
Tempura Udon NoodlesJunsKitchen	https://www.youtube.com/watch?v=iigDXgdKkuI	Kit,NoodlesJunsKitchen,Tempura,Udon
Homemade RamenJunsKitchen	https://www.youtube.com/watch?v=9WXIrnWsaCo	Kit,RamenJunsKitchen,Ramen,Homemade
Bass Guitar Montage 2014Davie504	https://www.youtube.com/watch?v=pVVcONLMcVM	Bass,Davie504,Guitar
Top 10 Movie Songs on PianoVinheteiro	https://www.youtube.com/watch?v=0xqA9tTZEZU	So,Song,Son,Top,Piano,Movie
day of future past	https://www.youtube.com/results?search_query=day+of+future+past	day
Harmonizing The Major Scale - Talkingbass Live StreamTalkingBass - Online Bass Lessons	https://www.youtube.com/watch?v=QrkQGOlraCE	Bass,Liv,Le,jo,Talkingbass,Live,Stream,bass,king,Online,Lessons
lala land guitar	https://www.youtube.com/results?search_query=lala+land+guitar	la,guitar,land,lala
lala land	https://www.youtube.com/results?search_query=lala+land	la,land,lala
Making a Diamond Dust Glow RingPatrick Adair Designs	https://www.youtube.com/watch?v=2QNpaL8ZQPY	Design,king,Making,Desig
Making an Acid Etched Superconductor Ring with Obsidian FacetsPatrick Adair Designs	https://www.youtube.com/watch?v=J0JsWZTGJmI	Design,king,Making,Desig
Fly Me To The Moon - Frank Sinatra - Fingerstyle Guitar Cover by James BartholomewJames Bartholomew	https://www.youtube.com/watch?v=PBBbKt9-sYw	Finger,Guitar,Fingerstyle,Cover,Me
AMAZING ACOUSTIC BASS PLAYERBassTheWorld.com	https://www.youtube.com/watch?v=pDhsTTMfoKI	Bass,PLAY,ACOUSTIC,AMAZING,NG,World,PLAYER,BASS
Fastest And Technical Spanish Guitarist In The WorldM.o.pMusic mop	https://www.youtube.com/watch?v=Ql-ESi7T3po	Guitar,Fast,World,Guitarist,Music
George Michael - Careless Whisper FingerstyleAcousticTrench	https://www.youtube.com/watch?v=94-KCPOxd2Y	Mi,Finger,Fingerstyle,Michael,Acoustic
When you want to play solos like METALLICA but your Russian parents wanted you to play pianoRon Minis	https://www.youtube.com/watch?v=pa7XzNJDc9w	la,Mi,solos,ALL,play,METALLICA
when you want to play guitar solos like the eagles but your russian parents made you learn pianoRon Minis	https://www.youtube.com/watch?v=Ag-1aJ1O0QM	la,guitar,Mi,solos,play
Yummy Swiss Raclette. Warm Melted Swiss Cheese with Egg and Potatoes. London Street Foodsettim	https://www.youtube.com/watch?v=ZLZ0hZ8fn8s	Cheese,Swiss,Street,London,Warm,Foodsettim,Egg,Raclette,Ch,Me,Food,Yummy,Potatoes
lost stars guitar	https://www.youtube.com/results?search_query=lost+stars+guitar	guitar,stars,star
Game of Thrones Theme on a 12-String GuitarAcousticTrench	https://www.youtube.com/watch?v=0vbuGMlwKl8	Guitar,Theme,GuitarAcousticTrench,Game,Acoustic,String,Thrones
Wild Damascus steel.  Making a bladeshurap	https://www.youtube.com/watch?v=q72jqba4qe0	la,steel,Damascus,Wild,king,Making
ALIEN SHRIMP Thailand Street FoodTravel Thirsty	https://www.youtube.com/watch?v=a6VNsqzgMKU	Thirsty,la,Street,land,Thai,Thailand,ALIEN,FoodTravel,SHRIMP,Food
Chinese Street Food - Quail Eggs and Shrimp BallsTravel Thirsty	https://www.youtube.com/watch?v=OQQ1e30scss	Thirsty,Street,Eggs,Egg,Ch,Ball,Food
Beijing Street Food - Lanzhou Beef Hand Pulled NoodlesTravel Thirsty	https://www.youtube.com/watch?v=icDGXhWlddo	Thirsty,Be,Street,La,Hand,Food
Japanese Street Food - DRAGON FISH SASHIMI Sailfin Poacher Japan SeafoodTravel Thirsty	https://www.youtube.com/watch?v=r-KRqRZoxZ4	Thirsty,DRAGON,Seafood,Street,SeafoodTravel,Japan,Sea,SASHIMI,food,FISH,Food,Japanese
Japanese Street Food - Tsukiji Market MUST EATS Sashimi, Ramen, Seafood JapanTravel Thirsty	https://www.youtube.com/watch?v=eWUlBd4EXWU	Thirsty,Seafood,Street,Japan,JapanTravel,Sea,food,Sashimi,Ramen,Food,Japanese
Korean Street Food  - SEA PINEAPPLE Seoul Korea SeafoodTravel Thirsty	https://www.youtube.com/watch?v=-7m7L0jE0Qo	Thirsty,Korean,Seafood,SEA,Street,SeafoodTravel,Sea,Korea,food,Food,Seoul
Teruki vs. MiyagawaTruth	https://www.youtube.com/watch?v=IrapggrNXFg	Mi,vs
Vietnam street food - Cooking 100 Crabs for 4 People Family Dinner Meal in VietnamRaw Street Captur	https://www.youtube.com/watch?v=LXSaSNNwvng	Crab,Street,People,Captur,street,Family,Cooking,Meal,king,food,Crabs,Me,VietnamRaw,Vietnam,Dinner
Thailand Street Food - HORSESHOE CRAB EGGSTravel Thirsty	https://www.youtube.com/watch?v=-GoMN1YPHnM	Thirsty,la,Street,land,CRAB,Thai,Thailand,Food
Date with Penny I The Amazing World of Gumball I Cartoon NetworkCartoon Network	https://www.youtube.com/watch?v=8kRXuAtWuwQ	Gumball,Network,Amazing,World,NetworkCartoon,Cartoon
Balloon Surgeons I The Amazing World of Gumball I Cartoon NetworkCartoon Network	https://www.youtube.com/watch?v=iE6JTDdR1Kw	Gumball,Network,Amazing,World,Ball,NetworkCartoon,Cartoon
Calculator Game Review I The Amazing World of Gumball I Cartoon NetworkCartoon Network	https://www.youtube.com/watch?v=YeAp15OmW2s	la,Gumball,Network,Amazing,World,Game,NetworkCartoon,Cartoon
Korean Street Food - PENIS FISH Seoul SeafoodTravel Thirsty	https://www.youtube.com/watch?v=jvOG8qi2xGc	Thirsty,Korean,Seafood,Street,SeafoodTravel,Sea,Korea,PENIS,food,FISH,Food,Seoul
Japanese Street Food - LIVE FUGU PUFFERFISH Puffer Fish JapanTravel Thirsty	https://www.youtube.com/watch?v=4xD3wfp1LAA	Thirsty,Fish,Puffer,Street,PUFFERFISH,Japan,FUGU,LIVE,JapanTravel,FISH,Food,Japanese
Korean Street Food - GIANT OCTOPUS Seoul SeafoodTravel Thirsty	https://www.youtube.com/watch?v=d6S4daLd8wg	Thirsty,Korean,Seafood,Street,SeafoodTravel,OCTOPUS,GIANT,Sea,Korea,TOP,TO,food,Food,Seoul
Japanese Street Food - PORCUPINE FISH Sashimi JapanTravel Thirsty	https://www.youtube.com/watch?v=mUvx-A5X4Gk	Thirsty,Street,Japan,PORCUPINE,JapanTravel,Sashimi,FISH,Food,Japanese
Hong Kong Street Food. The Quick Lunch Boxes of Chopped Chickens and Pork. Seen Around Wan Chaisettime2588	https://www.youtube.com/watch?v=oTNVDH6ZFLg	Street,Boxes,Quick,Ch,Seen,Wan,Chopped,Chaisettime2588,Pork,Hong,Lunch,Kong,Chickens,Food,time,Around
Japanese Street Food - TRUMPET FISH Sushi Sashimi Okinawa Japan SeafoodTravel Thirsty	https://www.youtube.com/watch?v=9URbB34i4Go	Thirsty,Seafood,Street,SeafoodTravel,Japan,Sushi,TRUMPET,Sea,Okinawa,food,Sashimi,FISH,Food,Japanese
Korean Street Food - SEA CUCUMBER Seafood KoreaTravel Thirsty	https://www.youtube.com/watch?v=Yj5gzxm-uEs	Thirsty,Korean,Seafood,SEA,Street,CUCUMBER,KoreaTravel,Sea,Korea,food,Food
Japanese Street Food - LOBSTER SUSHI Japan SeafoodTravel Thirsty	https://www.youtube.com/watch?v=oK0cYrQZ7aM	Thirsty,Seafood,Street,SeafoodTravel,Japan,Sea,food,LOBSTER,Food,Japanese,SUSHI
Korean Street Food - DRAGON BEARD CANDY, ROSE ICE CREAM, STEAK, ABALONETravel Thirsty	https://www.youtube.com/watch?v=lSzrI5IxxSo	OS,Thirsty,Korean,ONE,DRAGON,Street,ICE,BEARD,CREAM,ABALONETravel,STEAK,ROSE,Korea,CANDY,Food
tequila	https://www.youtube.com/results?search_query=tequila	la
4 Tasty Tequila Drinks You Need to Try NowThe List Show TV	https://www.youtube.com/watch?v=khYWJrDwZpE	la,Try,Drinks,TV,List,Tequila,Tasty,NowThe,Show
How To Drink TequilaThanhNguyen	https://www.youtube.com/watch?v=vSIe6vvtGdY	la,Tequila,TequilaThanhNguyen,How,Than
how to drink tequila	https://www.youtube.com/results?search_query=how+to+drink+tequila	la
Irish People Taste Test Mexican TequilaFacts.	https://www.youtube.com/watch?v=u4Ya0ZcWhqE	la,People,Tequila,Me,Test,Facts,TequilaFacts,Mexican
SLAPPING the BASS for 5 HOURS STRAIGHTDavie5	https://www.youtube.com/watch?v=oRzyceprYYQ	AI,NG,SLAP,BASS
the best dad rock solos everJared Dines	https://www.youtube.com/watch?v=zSy7JD3hGEM	solos
15 SUPER COOL ROCK SONGS in fingerstyleEiro Nareth	https://www.youtube.com/watch?v=09llpPP-7d0	NG
Careless Whisper Fingerstyle Guitar - AcousticSam with TabsAcousticSam	https://www.youtube.com/watch?v=IxrXQPkuVog	Finger,Guitar,Fingerstyle,Acoustic
Japanese Street Food - GEODUCK SASHIMI Seafood JapanTravel Thirsty	https://www.youtube.com/watch?v=XawtpLYBqUs	Thirsty,Seafood,Street,Japan,JapanTravel,Sea,SASHIMI,food,GEODUCK,Food,Japanese
Japanese Street Food - LIVE FUGU PUFFERFISH Puffer Fish JapanTravel Thirsty	https://www.youtube.com/watch?v=4xD3wfp1LAA	Thirsty,Fish,Puffer,Street,PUFFERFISH,Japan,FUGU,LIVE,JapanTravel,FISH,Food,Japanese
ALIEN SEA SNAIL Japanese Street FoodTravel Thirsty	https://www.youtube.com/watch?v=qOu8SEURbZ0	Thirsty,SEA,Street,AI,Japan,ALIEN,SNAIL,FoodTravel,Food,Japanese
Contact Juggling - His Skills are Totally HypnotizingKuma Films	https://www.youtube.com/watch?v=0rqeR-iLKYA	Films,Contact,HypnotizingKuma,Skills,Totally,Juggling
Talkingbass Live Stream - Four Finger PickingTalkingBass - Online Bass Lessons	https://www.youtube.com/watch?v=HAqL-5k86OA	Bass,Liv,Le,Finger,Talkingbass,Live,Stream,Pick,bass,king,Fou,Online,Lessons,PickingTalkingBass
Overwatch - Top 6 Love CombosGraenolf	https://www.youtube.com/watch?v=XU-8SXpbRF4	Love,Overwatch,CombosGraenolf,Top
Music in slow motion - Guitar, Bass, Drum Kit, Piano and ViolinInterlinkKnight	https://www.youtube.com/watch?v=QXjdGBZQvLc	Bass,Drum,Kit,Guitar,Piano,Music
GOLD STRINGS on BASSDavie504	https://www.youtube.com/watch?v=3qh43LPIlsA	Davie504,GOLD,BASSDavi,NG,STRINGS,BASSDavie504,BASSDavie5,BASSDavie,BASS
compilation   the worst bands in the worldcompilationhero	https://www.youtube.com/watch?v=E8-WHslFhbU	la,world,compilation
Another One Bites the BASSDavie504	https://www.youtube.com/watch?v=gNzQgjgHn-0	Davie504,BASSDavi,BASSDavie504,BASSDavie5,BASSDavie,One,Bites,BASS
42 HOLY GRAIL HACKS THAT WILL SAVE YOU A FORTUNE5-Minute Crafts	https://www.youtube.com/watch?v=_9YMpuLDnwo	HACKS,THAT,Mi,AI,GRAIL,Crafts,HOLY,YOU
The Amazing World of Gumball Gumball Watterson Voice Actor Jacob Hopkinsfanlalatv	https://www.youtube.com/watch?v=QXF2kD1gv5g	la,Gumball,Watterson,Amazing,World,lala
The amazing world of gumball  the downerJustin Bieber	https://www.youtube.com/watch?v=CxG1Mn6E1nA	world
Every Rage Against the Machine song in 3 minutesRob Scallon	https://www.youtube.com/watch?v=ImuYcy3aPQg	Rob,Scallon,Every
Tool played with toolsDavi	https://www.youtube.com/watch?v=XYp1rDkXKbc	la,play,Tool
Shigeo Kageyama and Ritsu Kageyama VS KoyamaKING RORONOA	https://www.youtube.com/watch?v=XkG99jKjA6w	Kageyama,RORONOA,NO,NG,VS,KING,RORONO,Shigeo
THE AMAZING WORLD OF GUMBALL THE INTERNETGeorgia Lodg	https://www.youtube.com/watch?v=vhc8G6970SY	ALL,AMAZING,NG,OF,THE
The Amazing World of Gumball - The Ex Previewfirst last	https://www.youtube.com/watch?v=gqkbrk6xXpI	la,Gumball,Amazing,Preview,Previewfirst,World,Ex
The Amazing World of Gumball - Clean This HouseConor Olmstead	https://www.youtube.com/watch?v=w4dWU28dlY4	Olmstead,House,Gumball,Amazing,HouseConor,World,Clean
Shou Suzuki VS IshiguroKING RORONO	https://www.youtube.com/watch?v=C9RmATBBWf4	Suzuki,NO,Shou,NG,VS,KING,IshiguroKING,RORONO
Shigeo Kageyama VS MutouKING RORONO	https://www.youtube.com/watch?v=sBdbRzuz2tI	Kageyama,NO,NG,MutouKING,VS,KING,RORONO,Shigeo
Shigeo Kageyama VS TakeuchiKING RORONO	https://www.youtube.com/watch?v=O6g9d3v4XpE	Kageyama,NO,NG,VS,KING,RORONO,Shigeo
Shigeo Kageyama VS Tsuchiya and MukaiKING RORONO	https://www.youtube.com/watch?v=YSEJ9_wEo1k	Kageyama,NO,NG,VS,KING,RORONO,Shigeo
WOJTEK PILICHOWSKI - INSANE SLAP BASS SOLOBassTheWorld.com	https://www.youtube.com/watch?v=9qjnCs7puaI	Bass,SOLO,World,SLAP,BASS
Killua All Godspeed MomentsAlyssa	https://www.youtube.com/watch?v=BwKd_T3aWpA	Mom,All,Moments
Shigeo Kageyama VS Teruki HanazawaKING RORONOA	https://www.youtube.com/watch?v=E-gl8YcQoJY	Kageyama,RORONOA,NO,NG,VS,KING,RORONO,Shigeo
Shou Suzuki VS IshiguroKING RORONOA	https://www.youtube.com/watch?v=C9RmATBBWf4	Suzuki,RORONOA,NO,Shou,NG,VS,KING,IshiguroKING,RORONO
Shigeo Kageyama VS MutouKING RORONOA	https://www.youtube.com/watch?v=sBdbRzuz2tI	Kageyama,RORONOA,NO,NG,MutouKING,VS,KING,RORONO,Shigeo
Shigeo Kageyama VS DimpleKING RORONOA	https://www.youtube.com/watch?v=0TcCoF_F-n8	Kageyama,RORONOA,NO,NG,VS,KING,RORONO,Shigeo
Another One Bites the BASSDavi	https://www.youtube.com/watch?v=gNzQgjgHn-0	BASSDavi,One,Bites,BASS
PLAYING GUITAR WITH A GUITARAndre Antunes	https://www.youtube.com/watch?v=AM15NpJuCW4	PLAYING,GUITARAndre,WITH,PLAY,Antunes,NG,GUITAR
Awakening Mob Shigeo KageyamaKING RORONO	https://www.youtube.com/watch?v=V3Mfw4hqo0M	Kageyama,NO,NG,KING,RORONO,Mob,Shigeo
Salt Middle School VS Black Vinegar Middle SchoolKING RORONO	https://www.youtube.com/watch?v=9QhTxXyKCl8	la,Mi,Salt,NO,NG,VS,KING,Black,RORONO
Moira Performs All Highlight Intros and DancesGRZ NG	https://www.youtube.com/watch?v=_p1Hq8dgams	Highlight,Intros,Performs,NG,All,Moira,Intro,forms,DancesGRZ
Whiplash and Caravan - HD Drum Cover By DevikahDevikah	https://www.youtube.com/watch?v=4KKuEw3mHGc	Whiplash,la,Drum,HD,DevikahDevikah,Cover,Caravan,Cara
5 Marvel Characters Who Could Defeat Thanos Alone In SecondsMovie Trailer	https://www.youtube.com/watch?v=l4aZL0ajWO8	Defeat,Characters,Alone,SecondsMovie,Thanos,Trailer,Marvel,Ch,Could,Than,Who,feat,Movie
Slap Bass TechniqueTrailightband	https://www.youtube.com/watch?v=PebpYaUeLO4	Bass,Slap,la,TechniqueTrailightband
MSN - Top 10 Teamwork Goals by Messi Suarez NeymarWouva	https://www.youtube.com/watch?v=557JhbfxT88	Messi,NeymarWouva,Goals,MSN,Neymar,Top,Me,Suarez,Teamwork
Getting Over It with Bennett Foddy - 2m 34.467s SpeedrunLumonen	https://www.youtube.com/watch?v=q6xOyUqIE0w	Getting,Be,Foddy,SpeedrunLumonen,Bennett
Getting Over It with Bennett Foddy - 2m 59s SpeedrunLumonen	https://www.youtube.com/watch?v=unFkQvq5kYY	Getting,Be,Foddy,SpeedrunLumonen,Bennett
BASS SOLO BATTLEDavie5	https://www.youtube.com/watch?v=TZjlj0A6oOc	BATTLEDavie5,SOLO,BATTLE,BASS
Slap Bass TutorialMannybass	https://www.youtube.com/watch?v=1Vee-ACrKrc	Bass,Slap,la,Man,bass
bass slap	https://www.youtube.com/results?search_query=bass+slap	la,slap,bass
slap	https://www.youtube.com/results?search_query=slap	la,slap
bass	https://www.youtube.com/results?search_query=bass	bass
The Amazing World of Gumball - The Wattersons become a human familyStressed Out	https://www.youtube.com/watch?v=9Eq8lQpYuK4	Gumball,Watterson,Amazing,World
10 Dark Theories About The Incredibles That Will Ruin Your ChildhoodScreen Rant	https://www.youtube.com/watch?v=nEQy0t0D3bI	Dark,Incredibles,Rant,Ruin,Ch,Will,ChildhoodScreen,Theories,Your,hood
Soul Eater, Blackstar vs Mifune Round OneRyanbluee	https://www.youtube.com/watch?v=V7yFpfJZW7U	la,Round,Mi,Mifune,So,vs,OneRyanbluee,Eater,Soul,Black,star,One,Blackstar
PLAYING GUITAR WITH A GUITARAndre Antunes	https://www.youtube.com/watch?v=AM15NpJuCW4	PLAYING,GUITARAndre,WITH,PLAY,Antunes,NG,GUITAR
netero vs jed   1hxh film	https://www.youtube.com/watch?v=GCMUPM4jSx4	vs,hxh,netero,film,jed
phinx vs  killua hxh 2011 ep49proximaism	https://www.youtube.com/watch?v=Y0e989mfcLw	vs,hxh
Hunter X Hunter OVA G. I. Final Ep. 83johnandre112358	https://www.youtube.com/watch?v=5yiGmRixlic	jo,VA,Ep
Hunter x Hunter Spider and Hisoka eng DUBWardOfSight	https://www.youtube.com/watch?v=fqpkF99fsn8	Spider,eng
HxH Ch. 111 - Netero hits NeferpitouSengoku Iori	https://www.youtube.com/watch?v=VbA4P9OyPqg	Ch,eng
Wojtek Gasiorowski shows off his incredible bass playingDrew Burnett	https://www.youtube.com/watch?v=GiPayjf7Ubw	la,bass,play
NO BASS BASS SOLODavie	https://www.youtube.com/watch?v=kTgR5Q3lTcA	NO,SOLODavi,SOLO,SOLODavie,BASS
BASS MEETS BASSDavie504	https://www.youtube.com/watch?v=zcNXqCpcb0w	Davie504,BASSDavi,MEETS,BASSDavie504,MEET,BASSDavie5,BASSDavie,BASS
30 Amazing slap funk  Bass linesCambridge Bass Lessons	https://www.youtube.com/watch?v=31RomO2TovU	linesCambridge,Bass,funk,la,Le,Amazing,slap,Lessons
funk bass	https://www.youtube.com/results?search_query=funk+bass	funk,bass
funk	https://www.youtube.com/results?search_query=funk	funk
punk	https://www.youtube.com/results?search_query=punk	punk
Top 10 Important Albums in Punk Music HistoryWatchMojo.com	https://www.youtube.com/watch?v=DHSdy3emCl4	Watch,jo,Top,Music
Vigier Excalibur Fretless Guitar Review With Guthrie Govan - Guitar Interactive MagazineGuitar Interactive - The Free Online Guitar Magazine	https://www.youtube.com/watch?v=yshLWYjMijo	Guitar,Fret,Online,Ex
NEW FRETLESS BASS SOLODavie5	https://www.youtube.com/watch?v=owMDsM56ddQ	FRETLESS,SOLODavie5,SOLODavi,SOLO,NEW,SOLODavie,FRET,BASS
Another One Bites the BASSDavie504	https://www.youtube.com/watch?v=gNzQgjgHn-0	Davie504,BASSDavi,BASSDavie504,BASSDavie5,BASSDavie,One,Bites,BASS
Every Metallica Song in 4 MinutesRob Scallon	https://www.youtube.com/watch?v=uIjFgVxvuTw	Rob,Mi,So,Song,Son,Scallon,Me,Every
...And Justice For BassRob Scallon	https://www.youtube.com/watch?v=P-eIhvCaK-s	Bass,Rob,Scallon
BASS GUITAR MONTAGE 2015Davie504	https://www.youtube.com/watch?v=bSg6Xo0uB7g	Davie504,GUITAR,BASS
14th Fret Capo MetalRob Scallon	https://www.youtube.com/watch?v=wKshNVElKuc	Rob,Fret,Scallon,Me,MetalRob,Capo
5 REASONS TO PICK NYXdopatw	https://www.youtube.com/watch?v=y-BzkZm88H8	TO,REASONS,PICK
Top 10 Rock BassistsWatchMojo.com	https://www.youtube.com/watch?v=UpjQmgNxtYw	Bass,Watch,jo,Top
BASS SOLO but every time I SLAP it changes GENREDavie5	https://www.youtube.com/watch?v=68DQ5F4p7cU	SOLO,SLAP,time,BASS
How Italians Play BassDavie504	https://www.youtube.com/watch?v=QdVAlMT7CHA	Bass,la,Davie504,BassDavie5,How,BassDavie,Play
Pardon My Frenchshagthe	https://www.youtube.com/watch?v=4F5AENsdG78	My
slap riffshagthe	https://www.youtube.com/watch?v=idAicaJvGQw	la,slap
Most Brutal Breakdown EverRob Scallon	https://www.youtube.com/watch?v=szFjexN6xOE	Rob,Scallon,Breakdown,EverRob,Most
8 String VS Djent StickRob Scallon	https://www.youtube.com/watch?v=g_cpVyZ_ZSY	Rob,Scallon,Djent,VS,StickRob,String
Harp MetalRob Scallon	https://www.youtube.com/watch?v=6f4LCfYE2kM	Rob,Harp,Scallon,Me,MetalRob
Balalaika JamRob Scallon	https://www.youtube.com/watch?v=OvWWVub9cc4	la,Rob,Balalaika,Scallon,JamRob,lala
Sitar MetalRob Scallon	https://www.youtube.com/watch?v=2Z5-ZVtJ31E	Rob,Scallon,Me,MetalRob,Sitar
Frustrations Of A GuitaristBlend Guitar	https://www.youtube.com/watch?v=2koWZ7Q1a6o	Guitar,Frustrations,GuitaristBlend,rat,Guitarist
Rasputin - Otamatone CoverTheRealSullyG	https://www.youtube.com/watch?v=9uuwbSUdW8M	CoverTheRealSullyG,Cover,Rasputin,Otamatone
Bohemian Rhapsody - Otamatone CoverTheRealSullyG	https://www.youtube.com/watch?v=uh8s8-LD5io	Rhapsody,CoverTheRealSullyG,Cover,Bohemian,Otamatone
SYSTEM OF A DOWN - B.Y.O.B Otamatone coverotamatoneraptor	https://www.youtube.com/watch?v=-5jLMFVSU3E	coverotamatoneraptor,OF,SYSTEM,B.Y.O.B,DOWN,Otamatone
Otamatone MetalRob Scallon	https://www.youtube.com/watch?v=dSeJ73JpUxU	Rob,Scallon,Me,MetalRob,Otamatone
Slap Guitar 101Rob Scallon	https://www.youtube.com/watch?v=wC9QTHv2eQ4	Slap,la,Rob,Guitar,Scallon
How To Play Slap Bass Style On GuitarArgentinaGuitar	https://www.youtube.com/watch?v=Xw9WV7e-SoY	Bass,Slap,la,Guitar,How,Play
So you want to learn Slap huh...Allen Brown	https://www.youtube.com/watch?v=5BUXK3WKzFc	Slap,la,So,All
how to learn slap	https://www.youtube.com/results?search_query=how+to+learn+slap	la,slap
DIY tennis racket electric guitarScrap wood City	https://www.youtube.com/watch?v=eUvJ0NRSfAM	guitar,City,guitarScrap,wood,tennis,racket,DIY
THE BEST BASS EVERDavie504	https://www.youtube.com/watch?v=jFdtdqtH4O0	Davie504,EVERDavie5,EVERDavie504,THE,BASS,BEST
24 STRINGS BASS SOLODavie504	https://www.youtube.com/watch?v=ggNRXu1avDk	Davie504,SOLODavie504,NG,STRINGS,SOLODavie5,SOLODavi,SOLO,SOLODavie,BASS
GOLD STRINGS on BASSDavie504	https://www.youtube.com/watch?v=3qh43LPIlsA	Davie504,GOLD,BASSDavi,NG,STRINGS,BASSDavie504,BASSDavie5,BASSDavie,BASS
Top 5 Must Know Bass Riffs For BeginnersTalkingBass - Online Bass Lessons	https://www.youtube.com/watch?v=PlZxvS4aHM0	Bass,Be,Le,BeginnersTalkingBass,Top,Know,king,Riffs,Online,Lessons
Ultimate Musician TestBoyinaband	https://www.youtube.com/watch?v=yqAziP3A_EA	Musician,TestBoyinaband,Ultimate,Test,Music
Rob Scallon vs. the OP-1Rob Scallon	https://www.youtube.com/watch?v=YHz6lsMcjDY	OP-1Rob,Rob,vs,Scallon
Snoop Dogg MEETS BASSDavie5	https://www.youtube.com/watch?v=8QJup-7SNLE	BASSDavi,MEETS,MEET,Dog,BASSDavie5,BASSDavie,BASS
Fidget Spinner on BASS GUITARDavie5	https://www.youtube.com/watch?v=TJWXgWrK82k	GUITARDavie5,GUITAR,BASS
DORITOS MEETS BASSDavie5	https://www.youtube.com/watch?v=mK3QIZibN9g	OS,BASSDavi,MEETS,MEET,BASSDavie5,TO,BASSDavie,BASS
5 REASONS TO PICK MONKEY KINGdopatw	https://www.youtube.com/watch?v=tyUUwZrfjbg	NG,TO,KING,REASONS,PICK
Larry Graham Right Hand TechniqueTheColeman8	https://www.youtube.com/watch?v=_lIbvj2EBqM	Larry,La,Hand
YOUTUBERS MEET BASSDavie	https://www.youtube.com/watch?v=hD6JM2W3TiE	BASSDavi,MEET,BASSDavie,BASS,YOU
A COMMENT MEETS BASSDavie	https://www.youtube.com/watch?v=byzACydHWKk	BASSDavi,MEETS,MEET,BASSDavie,BASS
GOOGLE TRANSLATE MEETS BASSDavie504	https://www.youtube.com/watch?v=jHNHsx5F_cw	Davie504,BASSDavi,MEETS,BASSDavie504,MEET,BASSDavie5,BASSDavie,BASS
BASS GUITAR MONTAGEDavie504	https://www.youtube.com/watch?v=9N1MPe383Bk	Davie504,GUITAR,BASS
BEFORE YOU BUY ROLI BLOCKS...Taetr	https://www.youtube.com/watch?v=Y5jaOjgyS2k	YOU
30 Great Video Games Meet BassDavie	https://www.youtube.com/watch?v=u7M6r7o_bx8	Bass,Games,Meet,BassDavie,Game,Video,Me
30 WAYS TO PLAY A BASSDavie	https://www.youtube.com/watch?v=mvmO-5xHEdc	PLAY,BASSDavi,TO,BASSDavie,BASS
15 Most Unusual GUITARS Of ALL TIMEMAD LAB	https://www.youtube.com/watch?v=4t9WBish3Qk	GUITARS,ALL,TIMEMAD,LAB,GUITAR,Most
Gittler Guitar DemoBob Gomez	https://www.youtube.com/watch?v=2eEB-vJic_o	Demo,Guitar
PATHS OF HATEBiggieboy198	https://www.youtube.com/watch?v=AjXr9Nj5ZbI	Big,OF
Dota 2 WTF Moments 253Dota Watafak	https://www.youtube.com/watch?v=W8Xbf8CapE0	Mom,Moments
One Punch Man - Fitness testAnimeLab	https://www.youtube.com/watch?v=x0CJKvevs2M	Man,Anime,La,One
How to Play Dubstep GuitarBoyinaband	https://www.youtube.com/watch?v=WtQfqKOxwOI	la,GuitarBoyinaband,Dub,Guitar,Dubstep,How,Play
15 STRINGS SLAP BASS SOLODavie	https://www.youtube.com/watch?v=nQJapf5NI5Y	NG,STRINGS,SOLODavi,SOLO,SLAP,SOLODavie,BASS
100 Amazing Bass LinesDavie	https://www.youtube.com/watch?v=FDKDdVilQT4	Bass,Amazing,LinesDavi,Lines,LinesDavie
10 Famous TV Shows Meet BassDavie	https://www.youtube.com/watch?v=l6dZxCHU5u8	Bass,TV,Meet,BassDavie,Me,Show
25 BASS GUITARS, 1 SOLODavie	https://www.youtube.com/watch?v=tU7kmQhXr8k	GUITARS,SOLODavi,SOLO,SOLODavie,GUITAR,BASS
BASS On MeDavie504	https://www.youtube.com/watch?v=DLbTcW4ux2E	Davie504,Me,BASS
Tool played with toolsDavie	https://www.youtube.com/watch?v=XYp1rDkXKbc	la,play,Tool
Red Hot Chili Peppers played with red hot chili peppersDavie	https://www.youtube.com/watch?v=wzAOQlbhUp0	la,Chili,peppersDavie,Ch,Peppers,Hot,play,chili,Red
TOY BASS GUITAR SOLODavie	https://www.youtube.com/watch?v=VwHDM4QhAAo	TOY,SOLODavi,SOLO,TO,SOLODavie,GUITAR,BASS
0 STRINGS BASS SOLODavie	https://www.youtube.com/watch?v=ulxoIly3jt4	NG,STRINGS,SOLODavi,SOLO,SOLODavie,BASS
15 STRINGS BASS SOLODavie504	https://www.youtube.com/watch?v=t3UaptsZOQQ	Davie504,SOLODavie504,NG,STRINGS,SOLODavie5,SOLODavi,SOLO,SOLODavie,BASS
METALLICA on DOUBLE BASSDavie504	https://www.youtube.com/watch?v=csmKFV50e7U	Davie504,BASSDavi,ALL,BASSDavie504,BASSDavie5,BASSDavie,DOUBLE,METALLICA,BASS
THE BEST BASS EVERDavie504	https://www.youtube.com/watch?v=jFdtdqtH4O0	Davie504,EVERDavie5,EVERDavie504,THE,BASS,BEST
17 STRINGS Double Neck Bass Guitar SoloDavie	https://www.youtube.com/watch?v=U-JCRjI0z7c	Bass,So,Guitar,Double,Solo,NG,Neck,STRINGS,SoloDavie
Spooky Scary Bass GuitarsDavie	https://www.youtube.com/watch?v=YutlzWmFRlw	Bass,Guitar,Spooky,Guitars,Scary
25 BASS GUITARS, 1 SOLODavie	https://www.youtube.com/watch?v=tU7kmQhXr8k	GUITARS,SOLODavi,SOLO,SOLODavie,GUITAR,BASS
5 REASONS TO PLAY 700dopatw	https://www.youtube.com/watch?v=_8sZinHaAKA	PLAY,TO,REASONS
5 REASONS TO PICK 686dopatw	https://www.youtube.com/watch?v=5H3dPyHglp4	TO,REASONS,PICK
Pre-test Road TestSowapa Chaiyarak	https://www.youtube.com/watch?v=Q35UapqosX8	So,Ch,Test
DMV VA pre tes	https://www.youtube.com/results?search_query=DMV+VA+pre+test	VA
DMV VA	https://www.youtube.com/results?search_query=DMV+VA	VA
Behind The Wheel Driving TestEsdras Gomez	https://www.youtube.com/watch?v=k9M158zKd30	Be,Test
Your Name. -- Official English Dub TrailerFunimation	https://www.youtube.com/watch?v=o4-URMnBOPU	Dub,Eng,Trailer,Your
5 REASONS TO PICK PAdopatwo	https://www.youtube.com/watch?v=B2jqqGNkOKc	TO,REASONS,PICK
5 REASONS TO PICK MAGNUSdopatwo	https://www.youtube.com/watch?v=2e4w1v6J0IA	TO,REASONS,PICK
5 REASONS TO PICK EARTHSHAKERdopatwo	https://www.youtube.com/watch?v=CHhqZwonIRg	TO,REASONS,PICK
5 REASONS TO PICK KUNKKAdopatwo	https://www.youtube.com/watch?v=Vbh1pJpo24w	TO,REASONS,PICK
5 REASONS TO PICK WINTER WYVERNdopatwo	https://www.youtube.com/watch?v=JTLQa7tf86g	TO,REASONS,PICK
5 REASONS TO PICK DEATH PROPHETdopatwo	https://www.youtube.com/watch?v=3Ew0lvuhMxQ	PROPHETdopatwo,DEATH,TO,REASONS,PICK
5 REASONS TO PICK VENGEFUL SPIRITdopatwo	https://www.youtube.com/watch?v=sJa_aFYc8mg	NG,ENG,TO,SPIRITdopatwo,VENGEFUL,REASONS,PICK
5 REASONS TO PICK ENCHANTRESSdopatwo	https://www.youtube.com/watch?v=M8hsXEtsM0M	ENCHANTRESSdopatwo,TO,REASONS,PICK
5 REASONS TO PICK WINDRANGERdopatwo	https://www.youtube.com/watch?v=YNPW1jAp5V8	WINDRANGERdopatwo,NG,TO,REASONS,PICK
5 REASONS TO PICK TEMPLAR ASSASSINdopatwo	https://www.youtube.com/watch?v=XOZmJSO2JSs	SI,ASSASSINdopatwo,TO,TEMPLAR,REASONS,PICK
5 REASONS TO PICK QUEEN OF PAINdopatwo	https://www.youtube.com/watch?v=UuX3VgXDEdY	PAINdopatwo,AI,OF,TO,REASONS,PICK,QUEEN
5 REASONS TO PICK RUBICKdopatwo	https://www.youtube.com/watch?v=W87GXOtSh5Q	RUBICKdopatwo,TO,REASONS,PICK
5 REASONS TO PICK VISAGEdopatwo	https://www.youtube.com/watch?v=ulOU6jOn3WY	VISAGEdopatwo,TO,REASONS,PICK
5 REASONS TO PICK PHOENIXdopatwo	https://www.youtube.com/watch?v=EdWDlSkbh7M	PHOENIXdopatwo,TO,REASONS,PICK
5 REASONS TO PICK BLOODSEEKERdopatwo	https://www.youtube.com/watch?v=JmTd2Egt4Rg	BLOODSEEKERdopatwo,TO,REASONS,PICK
5 REASONS TO PICK LIONdopatwo	https://www.youtube.com/watch?v=8qo9XnovjB0	LIONdopatwo,TO,REASONS,PICK
EVERYTIME I LIONIZEdopatwo	https://www.youtube.com/watch?v=yQ1ibGN0IZg	EVERYTIME,VERY
5 REASONS TO PICK WRAITH KINGdopatwo	https://www.youtube.com/watch?v=5ADvXskfDCY	AI,NG,TO,KING,REASONS,PICK
5 REASONS TO PICK SPECTREdopatwo	https://www.youtube.com/watch?v=rRsM8mU0TvU	TO,REASONS,PICK
AI channel	https://www.youtube.com/results?search_query=AI+channel	AI
5 REASONS TO PICK IOdopatwo	https://www.youtube.com/watch?v=_1uFuduAmsE	TO,REASONS,PICK
Live Apple Event - Apple September Event 2017 - iPhone 8, iPhone X, iOS 11 - Apple KeynoteApple Event	https://www.youtube.com/watch?v=jt2OHQh0HoQ	OS,Liv,iPhone,Live
Arrest of University Hospital nurse Alex WubbelsThe Salt Lake Tribun	https://www.youtube.com/watch?v=ihQ1-LQOkns	Salt,Alex,La
Taylor Swift - Look What You Made Me DoTaylorSwiftVEVO	https://www.youtube.com/watch?v=3tmd-ClpJxA	Me
Top 3 Things You Missed in Season 7 Episode 6 of Game of Thrones - Watch the ThronesWatchMojo.com	https://www.youtube.com/watch?v=z9jKrWukUHI	Watch,jo,Mi,Episode,Things,Top,Sea,Game,Season,Thrones,Ep
Game Of Thrones Season 7 Night King TheoryEmergency Awesome	https://www.youtube.com/watch?v=Ex_r-aztlE4	King,Sea,Night,Game,Season,Thrones
Game Of Thrones Season 7 White Walker Symbols ExplainedEmergency Awesome	https://www.youtube.com/watch?v=HJGUA92iYPA	la,Sea,Game,Season,Thrones,Ex
Game Of Thrones Season 7 Episode 4 - TOP 10 WTF and Easter EggsEmergency Awesome	https://www.youtube.com/watch?v=7RbwV1qelO4	Eggs,Episode,Egg,Sea,Game,TOP,TO,Season,Thrones,Ep
Top 15 Funniest Friends MomentsDjLj	https://www.youtube.com/watch?v=8mP5xOg7ijs	Mom,Top,Moments
This is what Neymar did in his last game for BarcelonaIuonak	https://www.youtube.com/watch?v=QqPHkBwjVl4	la,BarcelonaIuonak,Neymar,game
Making Material DesignGoogle Design	https://www.youtube.com/watch?v=rrT6v5sOwJg	Design,Googl,king,Making,Desig,Google
Material designGoogle Developers	https://www.youtube.com/watch?v=Q8TXgCzxEnw	Googl,Google
30 Most Creative Goals In FootballWrzzer	https://www.youtube.com/watch?v=Tdn9r5X25XA	Goals,Most
QQ	https://play.google.com/store/apps/details?id=com.tencent.mobileqq	QQ
WeChat	https://play.google.com/store/apps/details?id=com.tencent.mm	WeChat,Ch
WeChat	https://play.google.com/store/apps/details?id=com.tencent.mm	WeChat,Ch
Xiami Music	https://play.google.com/store/apps/details?id=fm.xiami.main	Xiami,Music
YouTub	https://play.google.com/store/apps/details?id=com.google.android.youtube	YouTub
Instagram	https://play.google.com/store/apps/details?id=com.instagram.android	Instagram
Alipay	https://play.google.com/store/apps/details?id=com.eg.android.AlipayGphone	Alipay
WeChat	https://play.google.com/store/apps/details?id=com.tencent.mm	WeChat,Ch
WeChat	https://play.google.com/store/apps/details?id=com.tencent.mm	WeChat,Ch
Googl	https://play.google.com/store/apps/details?id=com.google.android.googlequicksearchbox	Googl
YouTub	https://play.google.com/store/apps/details?id=com.google.android.youtube	YouTub
Alipay	https://play.google.com/store/apps/details?id=com.eg.android.AlipayGphone	Alipay
Alipay	https://play.google.com/store/apps/details?id=com.eg.android.AlipayGphone	Alipay
QQmail	https://play.google.com/store/apps/details?id=com.tencent.androidqqmail	QQmail,QQ
YouTub	https://play.google.com/store/apps/details?id=com.google.android.youtube	YouTub
WeChat	https://play.google.com/store/apps/details?id=com.tencent.mm	WeChat,Ch
WhatsApp Messenger	https://play.google.com/store/apps/details?id=com.whatsapp	WhatsApp,eng,Me,Messenger
Messaging	https://play.google.com/store/apps/details?id=com.android.mms	Me,Messaging
QQ	https://play.google.com/store/apps/details?id=com.tencent.mobileqq	QQ
Alipay	https://play.google.com/store/apps/details?id=com.eg.android.AlipayGphone	Alipay
Messaging	https://play.google.com/store/apps/details?id=com.android.mms	Me,Messaging
QQ	https://play.google.com/store/apps/details?id=com.tencent.mobileqq	QQ
WhatsApp Messenger	https://play.google.com/store/apps/details?id=com.whatsapp	WhatsApp,eng,Me,Messenger
WeChat	https://play.google.com/store/apps/details?id=com.tencent.mm	WeChat,Ch
QQmail	https://play.google.com/store/apps/details?id=com.tencent.androidqqmail	QQmail,QQ
QQ	https://play.google.com/store/apps/details?id=com.tencent.mobileqq	QQ
WeChat	https://play.google.com/store/apps/details?id=com.tencent.mm	WeChat,Ch
WeChat	https://play.google.com/store/apps/details?id=com.tencent.mm	WeChat,Ch
WeChat	https://play.google.com/store/apps/details?id=com.tencent.mm	WeChat,Ch
QQmail	https://play.google.com/store/apps/details?id=com.tencent.androidqqmail	QQmail,QQ
Alipay	https://play.google.com/store/apps/details?id=com.eg.android.AlipayGphone	Alipay
Alipay	https://play.google.com/store/apps/details?id=com.eg.android.AlipayGphone	Alipay
WeChat	https://play.google.com/store/apps/details?id=com.tencent.mm	WeChat,Ch
WeChat	https://play.google.com/store/apps/details?id=com.tencent.mm	WeChat,Ch
Messaging	https://play.google.com/store/apps/details?id=com.android.mms	Me,Messaging
QQ	https://play.google.com/store/apps/details?id=com.tencent.mobileqq	QQ
NYTimes - Latest News	https://play.google.com/store/apps/details?id=com.nytimes.android	News,NYTimes,Time,La,New
Xiami Music	https://play.google.com/store/apps/details?id=fm.xiami.main	Xiami,Music
WeChat	https://play.google.com/store/apps/details?id=com.tencent.mm	WeChat,Ch
Messaging	https://play.google.com/store/apps/details?id=com.android.mms	Me,Messaging
Bank of America Mobile Banking	https://play.google.com/store/apps/details?id=com.infonow.bofa	America,Bank,Mobile,king,Banking,Mob
WhatsApp Messenger	https://play.google.com/store/apps/details?id=com.whatsapp	WhatsApp,eng,Me,Messenger
Alipay	https://play.google.com/store/apps/details?id=com.eg.android.AlipayGphone	Alipay
QQ	https://play.google.com/store/apps/details?id=com.tencent.mobileqq	QQ
WeChat	https://play.google.com/store/apps/details?id=com.tencent.mm	WeChat,Ch
YouTub	https://play.google.com/store/apps/details?id=com.google.android.youtube	YouTub
WeChat	https://play.google.com/store/apps/details?id=com.tencent.mm	WeChat,Ch
Alipay	https://play.google.com/store/apps/details?id=com.eg.android.AlipayGphone	Alipay
Alipay	https://play.google.com/store/apps/details?id=com.eg.android.AlipayGphone	Alipay
WeChat	https://play.google.com/store/apps/details?id=com.tencent.mm	WeChat,Ch
YouTub	https://play.google.com/store/apps/details?id=com.google.android.youtube	YouTub
QQmail	https://play.google.com/store/apps/details?id=com.tencent.androidqqmail	QQmail,QQ
Messaging	https://play.google.com/store/apps/details?id=com.android.mms	Me,Messaging
Alipay	https://play.google.com/store/apps/details?id=com.eg.android.AlipayGphone	Alipay
WhatsApp Messenger	https://play.google.com/store/apps/details?id=com.whatsapp	WhatsApp,eng,Me,Messenger
Contacts	https://play.google.com/store/apps/details?id=com.android.contacts	Contact,Contacts
WeChat	https://play.google.com/store/apps/details?id=com.tencent.mm	WeChat,Ch
QQ	https://play.google.com/store/apps/details?id=com.tencent.mobileqq	QQ
YouTub	https://play.google.com/store/apps/details?id=com.google.android.youtube	YouTub
WeChat	https://play.google.com/store/apps/details?id=com.tencent.mm	WeChat,Ch
Messaging	https://play.google.com/store/apps/details?id=com.android.mms	Me,Messaging
QQ	https://play.google.com/store/apps/details?id=com.tencent.mobileqq	QQ
WeChat	https://play.google.com/store/apps/details?id=com.tencent.mm	WeChat,Ch
Instagram	https://play.google.com/store/apps/details?id=com.instagram.android	Instagram
Bank of America Mobile Banking	https://play.google.com/store/apps/details?id=com.infonow.bofa	America,Bank,Mobile,king,Banking,Mob
NetEase Youdao Dictionary	https://play.google.com/store/apps/details?id=com.youdao.dict	NetEase,Youdao,Dictionary
Messaging	https://play.google.com/store/apps/details?id=com.android.mms	Me,Messaging
WhatsApp Messenger	https://play.google.com/store/apps/details?id=com.whatsapp	WhatsApp,eng,Me,Messenger
Contacts	https://play.google.com/store/apps/details?id=com.android.contacts	Contact,Contacts
Alipay	https://play.google.com/store/apps/details?id=com.eg.android.AlipayGphone	Alipay
WeChat	https://play.google.com/store/apps/details?id=com.tencent.mm	WeChat,Ch
WeChat	https://play.google.com/store/apps/details?id=com.tencent.mm	WeChat,Ch
Section Pag	https://www.google.com/url?q=https://%255BENTER-YOUR-URL-HERE%255D&usg=AFQjCNHi2-NHtvDMT82zC3MZDmi4LSXpxw	Pag,Section
Messaging	https://play.google.com/store/apps/details?id=com.android.mms	Me,Messaging
Contacts	https://play.google.com/store/apps/details?id=com.android.contacts	Contact,Contacts
WeChat	https://play.google.com/store/apps/details?id=com.tencent.mm	WeChat,Ch
WeChat	https://play.google.com/store/apps/details?id=com.tencent.mm	WeChat,Ch
Section Pag	https://www.google.com/url?q=https://%255BENTER-YOUR-URL-HERE%255D&usg=AFQjCNHi2-NHtvDMT82zC3MZDmi4LSXpxw	Pag,Section
WeChat	https://play.google.com/store/apps/details?id=com.tencent.mm	WeChat,Ch
NYTimes - Latest News	https://play.google.com/store/apps/details?id=com.nytimes.android	News,NYTimes,Time,La,New
WeChat	https://play.google.com/store/apps/details?id=com.tencent.mm	WeChat,Ch
QQmail	https://play.google.com/store/apps/details?id=com.tencent.androidqqmail	QQmail,QQ
YouTub	https://play.google.com/store/apps/details?id=com.google.android.youtube	YouTub
Evernot	https://play.google.com/store/apps/details?id=com.evernote	Evernot
Alipay	https://play.google.com/store/apps/details?id=com.eg.android.AlipayGphone	Alipay
Xiami Music	https://play.google.com/store/apps/details?id=fm.xiami.main	Xiami,Music
NetEase Youdao Dictionary	https://play.google.com/store/apps/details?id=com.youdao.dict	NetEase,Youdao,Dictionary
QQmail	https://play.google.com/store/apps/details?id=com.tencent.androidqqmail	QQmail,QQ
WeChat	https://play.google.com/store/apps/details?id=com.tencent.mm	WeChat,Ch
WeChat	https://play.google.com/store/apps/details?id=com.tencent.mm	WeChat,Ch
WeChat	https://play.google.com/store/apps/details?id=com.tencent.mm	WeChat,Ch
NetEase Youdao Dictionary	https://play.google.com/store/apps/details?id=com.youdao.dict	NetEase,Youdao,Dictionary
WeChat	https://play.google.com/store/apps/details?id=com.tencent.mm	WeChat,Ch
Instagram	https://play.google.com/store/apps/details?id=com.instagram.android	Instagram
Bank of America Mobile Banking	https://play.google.com/store/apps/details?id=com.infonow.bofa	America,Bank,Mobile,king,Banking,Mob
Messaging	https://play.google.com/store/apps/details?id=com.android.mms	Me,Messaging
QQmail	https://play.google.com/store/apps/details?id=com.tencent.androidqqmail	QQmail,QQ
Section Pag	https://www.google.com/url?q=https://%255BENTER-YOUR-URL-HERE%255D&usg=AFQjCNHi2-NHtvDMT82zC3MZDmi4LSXpxw	Pag,Section
Hot N Juicy Crawfish, Falls Church	https://www.google.com/url?q=https://www.yelp.com/biz/hot-n-juicy-crawfish-falls-church&usg=AFQjCNGYhhECjGZ6efRm7PoTNc59AiDjKQ	Falls,Juicy,Ch,Crawfish,Hot,Church
Hot and Jucy Crawfish	https://www.google.com/url?q=https://www.yelp.com/search%3Ffind_desc%3DHot%2Band%2BJucy%2BCrawfish&usg=AFQjCNEqexBWJy53xWdqVN315pdFpKRkqw	Jucy,Crawfish,Hot
Gyu-kaku Japanese BBQ	https://www.google.com/url?q=https://www.yelp.com/search%3Ffind_desc%3DGyu-kaku%2BJapanese%2BBBQ&usg=AFQjCNF0c_B3o5xThnu0cvbIPC8fiOSf1A	BBQ,Japan,Gyu-kaku,Japanese
Gyu-Kaku Japanese BBQ, Arlington	https://www.google.com/url?q=https://www.yelp.com/biz/gyu-kaku-japanese-bbq-arlington&usg=AFQjCNFvflLKAKxuj0B6iUQdGtc6IeQclg	Arlington,BBQ,Japan,Japanese,Gyu-Kaku
Sticky Rice, Washington	https://www.google.com/url?q=https://www.yelp.com/biz/sticky-rice-washington&usg=AFQjCNFS9J3VvSStBo39kwOF5-e5yH_brQ	Washington,Rice,Sticky
Toryumon Japanese House, Washington	https://www.google.com/url?q=https://www.yelp.com/biz/toryumon-japanese-house-washington&usg=AFQjCNEboEk2kLUbTOe3qRN0pVsS9HFjMA	House,Washington,Toryumon,Japan,Japanese
GYU-KAU	https://www.google.com/url?q=https://www.yelp.com/search%3Ffind_desc%3DGYU-KAU&usg=AFQjCNFkSQ6PyYZzR3C7hx_tjGHdCZQqKg	GYU-KAU
QQmail	https://play.google.com/store/apps/details?id=com.tencent.androidqqmail	QQmail,QQ
WeChat	https://play.google.com/store/apps/details?id=com.tencent.mm	WeChat,Ch
YouTub	https://play.google.com/store/apps/details?id=com.google.android.youtube	YouTub
Alipay	https://play.google.com/store/apps/details?id=com.eg.android.AlipayGphone	Alipay
WhatsApp Messenger	https://play.google.com/store/apps/details?id=com.whatsapp	WhatsApp,eng,Me,Messenger
Messaging	https://play.google.com/store/apps/details?id=com.android.mms	Me,Messaging
Xiami Music	https://play.google.com/store/apps/details?id=fm.xiami.main	Xiami,Music
NYTimes - Latest News	https://play.google.com/store/apps/details?id=com.nytimes.android	News,NYTimes,Time,La,New
Instagram	https://play.google.com/store/apps/details?id=com.instagram.android	Instagram
WeChat	https://play.google.com/store/apps/details?id=com.tencent.mm	WeChat,Ch
WeChat	https://play.google.com/store/apps/details?id=com.tencent.mm	WeChat,Ch
NYTimes - Latest News	https://play.google.com/store/apps/details?id=com.nytimes.android	News,NYTimes,Time,La,New
Alipay	https://play.google.com/store/apps/details?id=com.eg.android.AlipayGphone	Alipay
QQ	https://play.google.com/store/apps/details?id=com.tencent.mobileqq	QQ
Alipay	https://play.google.com/store/apps/details?id=com.eg.android.AlipayGphone	Alipay
Alipay	https://play.google.com/store/apps/details?id=com.eg.android.AlipayGphone	Alipay
Alipay	https://play.google.com/store/apps/details?id=com.eg.android.AlipayGphone	Alipay
NYTimes - Latest News	https://play.google.com/store/apps/details?id=com.nytimes.android	News,NYTimes,Time,La,New
Instagram	https://play.google.com/store/apps/details?id=com.instagram.android	Instagram
Messaging	https://play.google.com/store/apps/details?id=com.android.mms	Me,Messaging
WeChat	https://play.google.com/store/apps/details?id=com.tencent.mm	WeChat,Ch
WeChat	https://play.google.com/store/apps/details?id=com.tencent.mm	WeChat,Ch
WeChat	https://play.google.com/store/apps/details?id=com.tencent.mm	WeChat,Ch
Instagram	https://play.google.com/store/apps/details?id=com.instagram.android	Instagram
WeChat	https://play.google.com/store/apps/details?id=com.tencent.mm	WeChat,Ch
Messaging	https://play.google.com/store/apps/details?id=com.android.mms	Me,Messaging
Alipay	https://play.google.com/store/apps/details?id=com.eg.android.AlipayGphone	Alipay
QQmail	https://play.google.com/store/apps/details?id=com.tencent.androidqqmail	QQmail,QQ
WeChat	https://play.google.com/store/apps/details?id=com.tencent.mm	WeChat,Ch
WeChat	https://play.google.com/store/apps/details?id=com.tencent.mm	WeChat,Ch
WeChat	https://play.google.com/store/apps/details?id=com.tencent.mm	WeChat,Ch
Alipay	https://play.google.com/store/apps/details?id=com.eg.android.AlipayGphone	Alipay
Alipay	https://play.google.com/store/apps/details?id=com.eg.android.AlipayGphone	Alipay
WeChat	https://play.google.com/store/apps/details?id=com.tencent.mm	WeChat,Ch
Instagram	https://play.google.com/store/apps/details?id=com.instagram.android	Instagram
Messaging	https://play.google.com/store/apps/details?id=com.android.mms	Me,Messaging
Instagram	https://play.google.com/store/apps/details?id=com.instagram.android	Instagram
NYTimes - Latest News	https://play.google.com/store/apps/details?id=com.nytimes.android	News,NYTimes,Time,La,New
Alipay	https://play.google.com/store/apps/details?id=com.eg.android.AlipayGphone	Alipay
Contacts	https://play.google.com/store/apps/details?id=com.android.contacts	Contact,Contacts
YouTub	https://play.google.com/store/apps/details?id=com.google.android.youtube	YouTub
QQmail	https://play.google.com/store/apps/details?id=com.tencent.androidqqmail	QQmail,QQ
YouTub	https://play.google.com/store/apps/details?id=com.google.android.youtube	YouTub
Bank of America Mobile Banking	https://play.google.com/store/apps/details?id=com.infonow.bofa	America,Bank,Mobile,king,Banking,Mob
Alipay	https://play.google.com/store/apps/details?id=com.eg.android.AlipayGphone	Alipay
WeChat	https://play.google.com/store/apps/details?id=com.tencent.mm	WeChat,Ch
WeChat	https://play.google.com/store/apps/details?id=com.tencent.mm	WeChat,Ch
WhatsApp Messenger	https://play.google.com/store/apps/details?id=com.whatsapp	WhatsApp,eng,Me,Messenger
Alipay	https://play.google.com/store/apps/details?id=com.eg.android.AlipayGphone	Alipay
NYTimes - Latest News	https://play.google.com/store/apps/details?id=com.nytimes.android	News,NYTimes,Time,La,New
WhatsApp Messenger	https://play.google.com/store/apps/details?id=com.whatsapp	WhatsApp,eng,Me,Messenger
QQmail	https://play.google.com/store/apps/details?id=com.tencent.androidqqmail	QQmail,QQ
Instagram	https://play.google.com/store/apps/details?id=com.instagram.android	Instagram
WeChat	https://play.google.com/store/apps/details?id=com.tencent.mm	WeChat,Ch
Messaging	https://play.google.com/store/apps/details?id=com.android.mms	Me,Messaging
Alipay	https://play.google.com/store/apps/details?id=com.eg.android.AlipayGphone	Alipay
WeChat	https://play.google.com/store/apps/details?id=com.tencent.mm	WeChat,Ch
Neramitra Thai Cuisine, Arlington	https://www.google.com/url?q=https://www.yelp.com/biz/neramitra-thai-cuisine-arlington&usg=AFQjCNF6RPf7-dBWmT3zdeODgMS-9emkmg	Arlington,Thai,Cuisine,Neramitra
Restaurants	https://www.google.com/url?q=https://www.yelp.com/search%3Ffind_desc%3DRestaurants&usg=AFQjCNHckM_1PFpuYfvZaZEdI93jH1Kfiw	Restaurants
WhatsApp Messenger	https://play.google.com/store/apps/details?id=com.whatsapp	WhatsApp,eng,Me,Messenger
WhatsApp Messenger	https://play.google.com/store/apps/details?id=com.whatsapp	WhatsApp,eng,Me,Messenger
play	https://play.google.com/store/search?q=play&c=apps	la,play
Google Play Stor	https://play.google.com/store/apps/	la,Googl,Play,Stor,Google
Google Play Music	https://play.google.com/store/apps/details?id=com.google.android.music	la,Googl,Play,Google,Music
Clock	https://play.google.com/store/apps/details?id=com.google.android.deskclock	Clock
Google Play Books	https://play.google.com/store/apps/details?id=com.google.android.apps.books	la,Googl,Play,Books,Google
Android System WebView	https://play.google.com/store/apps/details?id=com.google.android.webview	Android,System,WebView
Google Text-to-Speech	https://play.google.com/store/apps/details?id=com.google.android.tts	Text-to-Speech,Googl,Google
Google Play Games	https://play.google.com/store/apps/details?id=com.google.android.play.games	la,Games,Googl,Game,Play,Google
Android Accessibility Suit	https://play.google.com/store/apps/details?id=com.google.android.marvin.talkback	Android
Google Play services	https://play.google.com/store/apps/details?id=com.google.android.gms	la,services,Googl,Play,Google
Contacts	https://play.google.com/store/apps/details?id=com.google.android.contacts	Contact,Contacts
SMS Connect	https://play.google.com/store/apps/details?id=com.google.android.apps.multidevice.client	Connect,SMS
pokemon go	https://play.google.com/store/search?q=pokemon%20go&c=apps	pokemon
Google Play Stor	https://play.google.com/store/apps/	la,Googl,Play,Stor,Google
pokemon go	https://play.google.com/store/search?q=pokemon+go&c=apps	pokemon
Google Play Stor	https://play.google.com/store/apps/	la,Googl,Play,Stor,Google
Tumblr	https://play.google.com/store/apps/details?id=com.tumblr	Tumblr
Tumblr	https://play.google.com/store/apps/details?id=com.tumblr	Tumblr
Google Play Stor	https://play.google.com/store/apps/	la,Googl,Play,Stor,Google
The Washington Post Classic	https://play.google.com/store/apps/details?id=com.washingtonpost.android	la,Washington
The Washington Post Classic	https://play.google.com/store/apps/details?id=com.washingtonpost.android	la,Washington
The Washington Post Classic	https://play.google.com/store/apps/details?id=com.washingtonpost.android	la,Washington
slack	https://play.google.com/store/search?q=slack&c=apps	la,slack
Slack	https://play.google.com/store/apps/details?id=com.Slack	la,Slack
Slack	https://play.google.com/store/apps/details?id=com.Slack	la,Slack
LinkedIn	https://play.google.com/store/apps/details?id=com.linkedin.android	LinkedIn
LinkedIn	https://play.google.com/store/apps/details?id=com.linkedin.android	LinkedIn
Instagram	https://play.google.com/store/apps/details?id=com.instagram.android	Instagram
Indeed Job Search	https://play.google.com/store/apps/details?id=com.indeed.android.jobsearch	Job,Sea,Search
Indeed Job Search	https://play.google.com/store/apps/details?id=com.indeed.android.jobsearch	Job,Sea,Search
fidelity	https://play.google.com/store/search?q=fidelity&c=apps	fidelity
Fidelity Investments	https://play.google.com/store/apps/details?id=com.fidelity.android	Fidelity,Investments
Fidelity Investments	https://play.google.com/store/apps/details?id=com.fidelity.android	Fidelity,Investments
newmarket	https://play.google.com/store/search?q=newmarket&c=apps	market
new market	https://play.google.com/store/search?q=new%20market&c=apps	market
new york timesnew market	https://play.google.com/store/search?q=new%20york%20timesnew%20market&c=apps	times,york,timesnew,market,time
new york times	https://play.google.com/store/search?q=new%20york%20times&c=apps	times,york,time
new market	https://play.google.com/store/search?q=new+market&c=apps	market
NYTimes - Latest News	https://play.google.com/store/apps/details?id=com.nytimes.android	News,NYTimes,Time,La,New
new york timesnew market	https://play.google.com/store/search?q=new+york+times+new+market&c=apps	times,york,timesnew,market,time
NYTimes - Latest News	https://play.google.com/store/apps/details?id=com.nytimes.android	News,NYTimes,Time,La,New
new york times	https://play.google.com/store/search?q=new+york+times&c=apps	times,york,time
Bank of America Mobile Banking	https://play.google.com/store/apps/details?id=com.infonow.bofa	America,Bank,Mobile,king,Banking,Mob
Bank of America Mobile Banking	https://play.google.com/store/apps/details?id=com.infonow.bofa	America,Bank,Mobile,king,Banking,Mob
Bank of America Mobile Banking	https://play.google.com/store/apps/details?id=com.infonow.bofa	America,Bank,Mobile,king,Banking,Mob
Google Play Stor	https://play.google.com/store/apps/	la,Googl,Play,Stor,Google
Google Play Stor	https://play.google.com/store/apps/category/GAME	la,Googl,Play,Stor,Google
Google Play Stor	https://play.google.com/store/movies/	la,Googl,Play,Stor,Google
Android System WebView	https://play.google.com/store/apps/details?id=com.google.android.webview	Android,System,WebView
